Category,Difficulty,Question,Option 1,Option 2,Option 3,Option 4,Correct Answer Number,Explanation,Related Traffic Rule
Dangerous Conduct,Advanced,What is the most appropriate explanation regarding bicycle travel on school routes and in school zones?,Bicycles are not subject to any regulations.,Special traffic regulations such as time-based restrictions or slow-speed requirements may also apply to bicycles depending on local traffic controls.,Bicycles are prohibited nationwide without exception.,"Bicycles, like automobiles, are required to travel on the right side of the road.",2,"School-route restrictions may also affect bicycles in some cases, depending on traffic regulations established by each Prefectural Public Safety Commission.","Road Traffic Act Enforcement Regulations; Road Traffic Act and Traffic Regulation Standards, Article 4"
Enforcement Policy,Advanced,Which of the following best describes the basic enforcement approach for bicycle violations after the introduction of the blue ticket system?,All violations immediately result in a blue ticket.,The blue-ticket system abolished warnings and guidance measures.,Riding on the sidewalk always results in a red ticket.,"Violations are generally handled with warnings, but serious or dangerous violations may be subject to enforcement action.",4,"According to the National Police Agency FAQ, even after the introduction of traffic tickets for bicycles, most bicycle violations are generally handled through guidance and warnings, while malicious or dangerous violations may be subject to enforcement action.","National Police Agency Bicycle Portal Site; Bicycle Portal Site FAQ – Guidance, Warnings, and Enforcement Actions"
Smartphone Use While Riding,Advanced,Which of the following is the most appropriate current interpretation regarding viewing or operating a smartphone fixed in a smartphone holder?,"If mounted, it is always legal.",There are no legal restrictions whatsoever regarding mounted smartphones.,"While using a smartphone mounted in a holder may not be considered “holding” the device, causing danger could still constitute a violation of the duty of safe driving.","Even when mounted, it is always considered a violation of the “holding” prohibition under Article 71-5-5.",3,"According to police interpretations reported in the media, a smartphone mounted on a fixed holder is generally not considered “handheld use.” However, if it results in dangerous riding, it may still be evaluated as a violation of the duty to drive safely or other provisions. Because assessments are made case by case, some gray areas remain.",National Police Agency Bicycle Portal Site; Road Traffic Act and Police Interpretations Reported in the Media; Article 71-5-5 and Article 70
Safe Riding,Advanced,What is the most appropriate way for a cyclist to proceed at a blind intersection or other hazardous location?,"If there are no pedestrians, checking is unnecessary.",Maintain speed and pass through quickly.,"If there is no sign, there is no obligation to check for safety.",Proceed at a speed and in a manner that is as safe as possible under the circumstances.,4,"According to National Police Agency guidance, cyclists are required to proceed at a speed and in a manner that is as safe as possible, depending on conditions at intersections and other hazardous locations.",National Police Agency Bicycle Portal Site; Bicycle Portal Site Traffic Rules – Safe Speed and Riding Methods
Basic Rules,Advanced,"Which of the following conforms to Article 34, Paragraph 3 of the Road Traffic Act regarding the method of making a right turn on a bicycle, which is classified as a light vehicle?",Move to the far right side of the road before making a right turn.,Move toward the center of the road before turning right.,No method for making a right turn is prescribed.,Move to the left edge of the roadway in advance and make a two-stage right turn by proceeding along the side of the intersection.,4,"Under Article 34, Paragraph 3 of the Road Traffic Act, cyclists must make a two-stage right turn by first keeping to the left side of the road and then proceeding along the edge of the intersection.","Five Rules for Safe Bicycle Use | National Police Agency; Road Traffic Act, Article 34, Paragraphs 1 and 3"
Riding Side by Side,Advanced,Under what circumstances is riding a bicycle side by side exceptionally permitted?,When you want to have a conversation.,Only children's bicycles are allowed.,When a “parallel riding permitted” sign is installed.,It is always permitted on sidewalks.,3,Cycling side by side is exceptionally permitted when a sign specifically allows parallel riding.,National Police Agency Bicycle Portal Site; Prefectural Public Safety Commission Regulations and National Police Agency Guidance – Parallel Riding Permitted Signs
Passenger Restrictions,Advanced,Which of the following is the most appropriate exception to the prohibition on carrying a passenger on a bicycle?,Anyone may ride double for a short distance.,Carry a friend on the rear of the bicycle.,It is always permitted if the roadway is clear.,"When legally permitted, such as carrying a child in a child seat.",4,"Carrying a passenger on a bicycle is generally prohibited, although exceptions exist, such as carrying a child in an approved child seat.",National Police Agency Bicycle Portal Site; National Police Agency Safe Bicycle Use – Child Seats
Basic Rules,Advanced,At what speed must a legally compliant electric-assist bicycle cease providing motor assistance?,10 km/h or more.,20 km/h or higher.,24 km/h or higher.,30 km/h or higher.,3,Article 1-3 requires that no motor-assisted power be provided when the bicycle reaches speeds of 24 km/h or higher.,Road Traffic Act Enforcement Regulations; Article 1-3 of the Road Traffic Act Enforcement Regulations
Basic Rules,Advanced,Which of the following best satisfies the legal requirements for a “standard bicycle” under the Road Traffic Act?,Any bicycle with three or more wheels is considered an ordinary bicycle.,Any vehicle with pedals is an ordinary bicycle regardless of size.,A motorized bicycle powered solely by its engine.,A bicycle whose size and structure meet legal standards and that is not towing another vehicle.,4,An ordinary bicycle is defined as a bicycle whose size and structure comply with Cabinet Office standards and that is not towing another vehicle.,"Five Rules for Safe Bicycle Use | National Police Agency; Road Traffic Act, Article 2, Article 63-3, and Enforcement Regulations Article 9-2"
Drunk Riding,Advanced,Which action is most likely to be considered aiding and abetting drunk cycling?,Encourage helmet use.,"Lending a bicycle to a person likely to ride after drinking, providing alcohol, or asking them to ride.",To direct the person to public transportation.,Persuading a person who has been drinking not to ride.,2,"Public information materials explain that not only drunk cycling itself but also assisting it—such as providing alcohol, lending a bicycle, or requesting someone to ride after drinking—may constitute an offense.",National Police Agency Bicycle Portal Site; Road Traffic Act and Public Information Materials – Assisting Drunk Cycling
Traffic Ticket System,Advanced,"According to the system guidelines, what is the deadline for provisional payment when a cyclist admits to a violation under the blue ticket system?",Within 7 days from the day after the citation.,By the end of the day of the citation.,Within 30 days after the notice is issued.,There is no deadline.,1,"According to the system guidelines, if a cyclist admits the violation, the penalty payment is generally made within seven days from the day after the citation is issued.",National Police Agency Bicycle Portal Site; Bicycle Portal Site – Provisional Payment
Drunk Riding,Beginner,Which statement about drunk cycling is correct?,"Bicycles are not vehicles, so the rule does not apply.",Drunk cycling is prohibited even for bicycles.,Only drunk driving is prohibited; driving under the influence is not covered.,Prohibited only at night.,2,Drunk cycling is prohibited and treated as a serious violation.,"Road Traffic Act, Article 65 – Drunk Cycling Is Prohibited"
Motorized Kickboard (Specified Small Motorized Bicycle),Advanced,Which statement about a Specified Small Motorized Bicycle is correct?,"If it has pedals, it automatically qualifies as a specified small motorized bicycle.",It follows exactly the same rules as a general moped and has no age restriction.,It is a bicycle itself and is classified as a light vehicle.,"If certain requirements are met, no license is required, but it is not a bicycle; it is a specified small motorized bicycle.",4,"A specified small motorized bicycle is not classified as a bicycle but as a type of moped. Although no license is required if certain conditions are met, it is legally distinct from a bicycle.","Road Traffic Act, Article 71-5-5 – Handheld Phone Calls and Screen Viewing While Riding Are Prohibited"
Smartphone Use While Riding,Beginner,Which of the following most closely corresponds to prohibited distracted cycling?,Holding a phone while riding (except when stopped) to make calls or watching the screen.,Carrying a smartphone while it is powered off.,Keeping a smartphone in a bag.,"Simply possessing a smartphone, including while stopped.",1,"Public guidance states that while riding a bicycle (excluding when stopped), it is prohibited to hold a smartphone or similar device for calls or to stare at its screen.",National Police Agency Bicycle Portal Site; Type Approval System – Power-Assisted Bicycles
Electric Assist Bicycle,Advanced,Which mark indicates a type-approved power-assisted bicycle?,PSC mark.,PSE mark.,TS Mark.,JIS mark.,3,"Under the National Police Agency type-approval system, compliant electrically assisted bicycles are marked with a TS certification mark.","Road Traffic Act, Article 42"
Dangerous Conduct,Advanced,Which action best complies with the duty of safe operation when cycling through a tunnel or on a narrow bridge?,Increase speed and pass through quickly to avoid inconveniencing following vehicles.,Ride without lights so that only your own vehicle becomes difficult to see.,Proceed while slowing down and thoroughly checking both ahead and behind for safety.,"The duty of safe driving applies only to motor vehicles, so bicycles may travel at any speed.",3,"In places with poor visibility and a high risk of collision, riding slowly and conducting thorough safety checks are essential.",National Police Agency Bicycle Portal Site; Bicycle Traffic Rules – Exceptions for Sidewalk Riding
Sidewalk Riding,Advanced,Under what circumstances may a bicycle legally travel on a sidewalk?,You may always ride on the sidewalk when carrying a lot of luggage.,"When permitted by signs or when an exception applies, such as riders under 13 or aged 70 and over.",When in a hurry.,"If traffic seems heavy, a cyclist may freely move onto the sidewalk.",2,"Riding on sidewalks is permitted only when authorized by signs, when the rider is under 13 years old, aged 70 or older, has a physical disability, or when other unavoidable circumstances exist.",Metropolitan Police Department Bicycle Portal Site; Eligible Age – Bicycle Traffic Tickets Generally Apply to Riders Aged 16 and Older
Traffic Ticket System,Beginner,What is the minimum age at which the bicycle traffic infraction notification system (blue ticket system) generally applies?,15 years old or older.,18 years old or older.,16 years old or older.,All ages.,3,"According to the system guidelines, bicycle traffic tickets generally apply to riders aged 16 and older.",Road Traffic Act Enforcement Regulations; Article 1-3 of the Road Traffic Act Enforcement Regulations
Basic Rules,Advanced,What is the correct understanding of the assistance ratio of an electric-assist bicycle when traveling at speeds of 10 km/h or more but less than 24 km/h?,"As speed increases, the ratio of motor assistance to human power must decrease.",Motor assistance may remain at a constant ratio regardless of speed.,No motor assistance may be used at all within this speed range.,"Once exceeding 20 km/h, there are no restrictions on the assistance ratio.",1,"Article 1-3, Items 1 and 2 establish formulas that reduce the allowable assistance ratio as speed increases.","Five Rules for Safe Bicycle Use | National Police Agency; Road Traffic Act, Article 63-4"
Basic Rules,Advanced,Which condition most closely reflects the intent of Article 63-4 regarding when a standard bicycle may use a sidewalk?,"Bicycles are principally for sidewalk use, and roadway use is the exception.","Sidewalk riding is permitted only when designated by signs or when roadway travel is dangerous for children, elderly persons, and similar cases.",Bicycle travel is always permitted if the sidewalk is wide.,Sidewalk riding is permitted whenever the cyclist feels roadway travel is dangerous.,2,"An ordinary bicycle may use a sidewalk only when permitted by traffic signs, when ridden by children, elderly persons, or others for whom roadway travel would be dangerous, or under other unavoidable circumstances.","Road Traffic Act, Article 2 – Definitions of Light Vehicles and Bicycles"
Basic Rules,Beginner,"Under the Road Traffic Act, into which category is a bicycle classified?",Automobile.,Pedestrian.,Light vehicle.,No designation.,3,Article 2 of the Road Traffic Act classifies bicycles as light vehicles.,"Road Traffic Act, Articles 55 and 57 – Restrictions on Carrying Passengers and Occupancy"
Dangerous Conduct,Beginner,Which statement regarding carrying a passenger on a bicycle is the most appropriate? (Detailed rules may vary by prefecture.),"If there is a passenger seat, any number of passengers may ride.","Carrying a person where there is no passenger seat is generally prohibited, and passenger limits for light vehicles are set by Public Safety Commission regulations.",One person on the saddle and one on the rear carrier is always allowed.,There are no passenger limits for bicycles.,2,"Articles 55 and 57 of the Road Traffic Act generally prohibit carrying passengers in locations not equipped for seating, and passenger limits for light vehicles are established by the Public Safety Commission.","Five Rules for Safe Bicycle Use | National Police Agency; Road Traffic Act, Article 25"
Basic Rules,Advanced,"When turning left to enter a facility off the roadway, which method best reflects the intent of Article 25 of the Road Traffic Act?",Move to the far right side of the road before turning left.,You may turn left sharply from near the center of the road.,Move as close as possible to the left edge of the road and make a slow left turn.,Simply cross the sidewalk and turn.,3,"When turning left to enter or exit a property off the roadway, Article 25 requires cyclists to move as close as possible to the left edge of the road and make the turn slowly.",National Police Agency Bicycle Portal Site; FAQ – Examples of Dangerous and Malicious Violations
Enforcement Policy,Advanced,Which of the following is identified by the National Police Agency FAQ as an example of a violation subject to a blue ticket rather than a warning?,Ride slowly on the sidewalk.,Not wearing a helmet.,Entering a railroad crossing when the barrier is down.,Attach reflectors.,3,"According to the National Police Agency FAQ, entering a railroad crossing when the barrier is down, riding a bicycle with defective brakes, and using a handheld mobile phone while cycling are examples of violations subject to traffic tickets rather than mere warnings.","National Police Agency Bicycle Portal Site; Bicycle Traffic Rules – Sidewalk Riding Exceptions, Crosswalks, and Pedestrian Priority"
Intersections & Crossing,Advanced,What is the appropriate action for a cyclist near a pedestrian crossing?,"Pedestrians have priority at crosswalks, and their passage must not be obstructed.",You may proceed with priority if you ring the bell.,The bicycle may proceed first even if pedestrians are present.,Bicycles must not use crosswalks.,1,Crosswalks are areas where pedestrians have priority. Cyclists must not obstruct pedestrians and must stop or yield when necessary.,"Five Rules for Safe Bicycle Use | National Police Agency; Road Traffic Act, Article 72"
Dangerous Conduct,Advanced,What duty does Article 72 of the Road Traffic Act impose on a cyclist involved in a traffic accident?,"If the other person appears only slightly injured, you may leave the scene.","You must immediately stop, assist any injured persons, take measures to prevent danger, and report the accident to the police.",Bicyclists have no duty to report accidents.,Nothing needs to be done in a property-damage-only accident.,2,"Article 72 of the Road Traffic Act requires drivers involved in traffic accidents, including cyclists, to provide aid to injured persons, take measures to prevent further danger, and report the accident to the police.",Metropolitan Police Department Bicycle Portal Site; List of Traffic Violations – Defective Bicycle Brakes
Brakes,Beginner,What is the correct penalty amount for operating a bicycle with defective brakes?,"10,000 yen.","6,000 yen.","5,000 yen.","7,000 yen.",3,"According to the Metropolitan Police Department’s penalty schedule, the fine for riding a bicycle with defective brakes is ¥5,000.","Road Traffic Act Enforcement Regulations, Article 9-2-2 – Size Standards for Ordinary Bicycles"
Basic Rules,Beginner,Which combination of dimensions qualifies as a standard bicycle?,"Length 200 cm or less, width 70 cm or less.",Only the maximum length is regulated; there is no maximum width.,Length 190 cm or less and width 60 cm or less.,Length 180 cm or less and width 80 cm or less.,3,The Enforcement Regulations define an ordinary bicycle as having a length of 190 cm or less and a width of 60 cm or less. Bicycles exceeding these dimensions are not classified as ordinary bicycles.,Five Rules for Safe Bicycle Use
Dangerous Conduct,Beginner,Which statement best describes the legal treatment of dangerous acts such as one-handed riding or smartphone operation while cycling?,The duty of safe driving does not apply to bicycles.,Operating a smartphone is not prohibited.,It may be subject to enforcement as a violation of the duty of safe driving or of Public Safety Commission regulations.,One-handed riding is not a violation.,3,"Under Article 70 (Duty of Safe Driving) and regulations issued by Public Safety Commissions under Article 71, one-handed riding, smartphone use, and riding while holding an umbrella may be subject to enforcement action.",Road Traffic Act Enforcement Regulations; Articles 9-4 and 39-8
Basic Rules,Advanced,Which statement about bicycle reflectors is correct?,There are no standards whatsoever for the color or brightness of reflectors.,Reflectors must comply with standards for automobiles rather than bicycles.,"It is not treated as safety equipment, and there is no type-approval system for it.",It is subject to type approval as safety equipment and is judged based on compliance with the standards of Article 9-4.,4,"Article 39-8 identifies bicycle reflectors as safety equipment eligible for type approval, and their standards are determined under Article 9-4.",Road Traffic Act; Article 72
Intersections & Crossing,Advanced,What is the most appropriate explanation regarding bicycles and traffic signals while traveling on a sidewalk?,Bicycles are not subject to traffic signals.,You must obey the signal facing you according to the intersection structure and your position on the road.,"When riding on a sidewalk, cyclists must always obey only pedestrian signals.","Even when riding on a sidewalk, cyclists must always obey only vehicle signals.",2,"When riding on a sidewalk, cyclists may be required to follow pedestrian signals depending on the intersection layout and riding position. Observing the signal that directly applies to the rider’s path is generally the safest approach.","Five Rules for Safe Bicycle Use | National Police Agency; Road Traffic Act, Article 20"
Dangerous Conduct,Advanced,"If a cyclist causes a traffic accident, which action best complies with Article 72 of the Road Traffic Act?",Only move the vehicle; assisting injured persons is generally unnecessary.,"If the damage is minor, you may settle it on the spot without contacting the police.",Nothing needs to be done if the other party wishes to leave.,"Immediately stop, assist any injured persons, take measures to prevent danger, and report the details of the incident to a police officer.",4,"Article 72 requires cyclists involved in an accident to assist injured persons, prevent further danger, and report the incident to the police.",Metropolitan Police Department Notice – Enforcement Guidance for Cyclists Using Earphones
Basic Rules,Advanced,"On a road with designated traffic lanes, where should a bicycle travel?",Freely move between the sidewalk and roadway as conditions change.,Use the leftmost traffic lane and ride on the left side of that lane.,Use the far-right traffic lane.,You may freely choose any open traffic lane.,2,"When traffic lanes are provided, bicycles must generally use the lane closest to the left side of the roadway and ride on the left side of that lane.",Road Traffic Act; Article 36
Headphone Use,Beginner,Which statement most closely reflects the intent of the Metropolitan Police Department’s guidance regarding cycling while wearing earphones?,"Regardless of whether one or both ears are covered, the key issue is whether sounds necessary for safe driving can be heard.",Using only one earphone is always legal.,There are no regulations concerning earphones.,Using both earphones is always a violation.,1,"Police Agency guidance indicates that the legality of using earphones is determined not by whether one or both ears are covered, but by whether the rider can hear sounds necessary for safe operation.",National Police Agency Bicycle Portal Site; Osaka Prefectural Police and Government Public Relations Online – Treatment of Stopped Vehicles
Basic Rules,Advanced,"At an intersection where a priority road and a non-priority road meet, what is the correct way for a cyclist to proceed?",The concept of priority roads does not apply to bicycles.,Cyclists on a non-priority road must watch for vehicles on the priority road and stop if necessary.,Cyclists always have priority regardless of which road they are on.,Vehicles on priority roads must always yield to traffic from non-priority roads.,2,"On priority roads, cyclists and other vehicles entering from non-priority roads are subject to heightened duties of caution.",Metropolitan Police Department Bicycle Portal Site; FAQ and List of Traffic Violations – Entering a Railroad Crossing While the Barrier Is Down
Smartphone Use While Riding,Advanced,Which statement about smartphone use while cycling is the most appropriate?,"It is always a violation, even when stopped.",It is always a violation even when pushing the bicycle.,It is explained that the basic target is while driving (excluding when stopped).,Looking at a smartphone is not a violation if no phone call is made.,3,"Public guidance states that holding a phone for calls or staring at a screen while riding (excluding when stopped) is prohibited, although the specific legal assessment depends on the circumstances of each case.",Road Traffic Act; Article 63-7
Railroad Crossings,Beginner,What is the correct rule for a bicycle at a railroad crossing when the crossing barriers are down?,"If you dismount and push the bicycle, you may always pass.",You may proceed if you stay on the sidewalk side.,You must not enter when the crossing gate is down or beginning to descend.,Bicycles may pass through.,3,Cyclists must not enter a railroad crossing when the barrier is lowered or is beginning to lower.,"Five Rules for Safe Bicycle Use | Metropolitan Police Department; Road Traffic Act, Articles 19 and 63-5"
Dangerous Conduct,Advanced,"If a bicycle crossing lane is provided near an intersection, what is the most appropriate way for a cyclist to proceed?",Follow roadway rules and do not use the bicycle crossing zone.,Use only the pedestrian crosswalk and do not use the bicycle crossing zone.,"At intersections, cyclists must always dismount and walk.","Where a bicycle crossing lane exists, cyclists must use that crossing lane regardless of the general roadway riding rules.",4,Article 63-7 requires cyclists to use a bicycle crossing zone where one is provided near an intersection.,Metropolitan Police Department Bicycle Portal Site; Bicycle Traffic Rules – Riding a Bicycle with Defective Brakes
Dangerous Conduct,Beginner,Which statement about riding bicycles side by side is correct?,Up to three ordinary bicycles may ride abreast.,Riding abreast is never permitted for ordinary bicycles.,Any number of bicycles may ride side by side on a sidewalk.,"Even where permitted by road signs, ordinary bicycles may ride side by side only up to two abreast.",4,"Articles 19 and 63-5 of the Road Traffic Act prohibit side-by-side riding unless expressly permitted by signs, and even then it is limited to two bicycles abreast.","Five Rules for Safe Bicycle Use | National Police Agency; Road Traffic Act, Articles 36 and 42"
Brakes,Beginner,Which statement about a bicycle with defective brakes is correct?,It is prohibited only on downhill slopes.,A bicycle with defective brakes must not be ridden.,It does not matter if you are riding on a sidewalk.,Having only one working brake is sufficient.,2,Riding a bicycle with defective brakes is prohibited because it creates a danger of being unable to stop safely.,"Five Rules for Safe Bicycle Use | National Police Agency; Road Traffic Act, Article 25-2"
Basic Rules,Advanced,What is the most appropriate way for a cyclist to proceed through an uncontrolled intersection with poor visibility?,"If there is a sidewalk, ride on it without slowing down.","At intersections with poor visibility, proceed slowly while paying attention to vehicles and pedestrians on the crossing road.","Even with poor visibility, there is generally no need to slow down if on a priority road.",Bicycles are not subject to slow-speed requirements; those apply only to motor vehicles.,2,Articles 36 and 42 of the Road Traffic Act require cyclists to slow down and pay close attention to vehicles and pedestrians when entering an uncontrolled intersection with poor visibility.,Road Traffic Act Enforcement Regulations; Road Traffic Act and Bicycle-Related Laws and Regulations
Dangerous Conduct,Advanced,"According to Article 25-2 of the Road Traffic Act, which statement correctly describes crossing, turning, or reversing by a vehicle, including a bicycle?","Do not cross, turn around, or reverse when doing so may obstruct the normal traffic of pedestrians or other vehicles.",The prohibition on crossing applies only to automobiles.,Vehicles may freely cross or turn around as long as they consider other traffic.,"If there is no traffic sign, crossing or turning around is permitted anywhere.",1,"Article 25-2 prohibits crossing, turning, or reversing when doing so may obstruct the normal movement of pedestrians or other vehicles.",National Police Agency Bicycle Portal Site; Bicycle Traffic Rules – Keep Left
Basic Rules,Beginner,Which of the following best represents the overall concept of safe bicycle use?,You should simply accept accidents as bad luck.,"Because no license is required, liability for violations is minor.",Understand the rules that apply to bicycles as light vehicles and use them with awareness of the responsibilities and risks involved.,You may ride with the same mindset as a pedestrian and do not need to pay attention to detailed rules.,3,"As light vehicles, bicycles are subject to many legal duties and responsibilities. Understanding the rules and maintaining safety awareness are essential for accident prevention.",National Police Agency Bicycle Portal Site; Prefectural Public Safety Commission Regulations and Road Traffic Act Article 70 – One-Handed Riding
Intersections & Crossing,Advanced,Where should a bicycle travel when riding on the roadway?,You may freely ride on the right side of the road.,Ride in the center of the roadway.,"If there is a sidewalk, roadway regulations do not apply.",Ride on the left side of the road.,4,Bicycles are generally required to travel on the left side of the roadway. Riding against traffic is dangerous and increases the risk of serious accidents.,"Five Rules for Safe Bicycle Use | National Police Agency; Road Traffic Act, Article 63-4, Paragraph 2"
Umbrella Riding,Advanced,Which statement about one-handed riding is the most appropriate?,One-handed riding is not addressed by law at all.,One-handed riding is prohibited only for children.,Unstable one-handed riding may constitute a violation of the duty of safe driving.,"As long as it is not umbrella riding, one-handed riding is never a problem.",3,"Not only riding with an umbrella but any form of unstable one-handed riding may be evaluated as a violation of the duty to drive safely, depending on the manner of operation and the circumstances.",National Police Agency Bicycle Portal Site; Bicycle Safety Course System – Penalties for Failure to Attend
Basic Rules,Beginner,What obligation applies when a standard bicycle travels on a sidewalk?,"When on a sidewalk, cyclists must always dismount and walk.",You may ride quickly near the center of the sidewalk.,Bicycles have priority over pedestrians.,Ride slowly on the roadway-side portion of the sidewalk and stop if you would obstruct pedestrians.,4,"When riding on a sidewalk, ordinary bicycles must travel slowly on the side closer to the roadway (or within the designated bicycle section if provided) and must stop when necessary to avoid obstructing pedestrians.","Road Traffic Act Enforcement Regulations; Road Traffic Act, Article 63-4"
Bicycle Safety Course,Advanced,What happens if a cyclist fails to comply with an order to attend a bicycle safety course?,Only license points are added.,There is no particular penalty.,"It ends with a 3,000-yen blue-ticket fine.","A fine of up to 50,000 yen may be imposed.",4,"Failure to comply with an order to attend a bicycle safety training course may result in a fine of up to ¥50,000.",National Police Agency Bicycle Portal Site; List of Traffic Violations – Speeding
Basic Rules,Advanced,What is the most appropriate basic principle regarding bicycle use of sidewalks under the Road Traffic Act?,There are no regulations regarding sidewalk riding.,"If danger is perceived, sidewalk riding is always mandatory.","Sidewalk riding is the rule, and roadway riding is the exception.","Roadway riding is the rule, and sidewalk riding is permitted only when signs, markings, or specific conditions such as age-related exceptions are met.",4,"As light vehicles, bicycles are generally required to use the roadway, and sidewalk riding is permitted only when authorized by signs or when specific legal conditions are met.",Metropolitan Police Department Bicycle Traffic Rules – Passenger Restrictions
Speeding,Advanced,Which statement about bicycle speed regulations is correct?,Bicycles are not bound by posted speed limits.,Speeding regulations apply only to mopeds.,Light vehicles can also be cited for speeding violations.,There is no concept of speeding for bicycles.,3,"The schedule of traffic violations includes speeding offenses for bicycles, with penalty amounts varying according to the degree of excess speed.",Metropolitan Police Department Bicycle Portal Site; Promotion of Safe Bicycle Use – Pedal-Assisted Mopeds
Passenger Restrictions,Beginner,What is the general rule regarding carrying a passenger on a bicycle?,It is always permitted.,It is always permitted on sidewalks.,It is prohibited only at night.,It is prohibited in principle.,4,"According to the Metropolitan Police Department’s traffic rules guidance, carrying a passenger on a bicycle is generally prohibited.","Five Rules for Safe Bicycle Use | National Police Agency; Road Traffic Act, Article 54"
Pedal-Equipped Moped,Beginner,Which statement about a vehicle equipped with pedals is correct?,Vehicles with a throttle or that do not meet electric-assist standards may be classified as mopeds rather than bicycles.,All pedal-equipped vehicles can be operated without a license.,Vehicles with pedals do not require a license plate.,"If it has pedals, it is always a bicycle.",1,The Metropolitan Police Department explains that vehicles equipped with pedals but also featuring a throttle or failing to meet electric-assist bicycle standards may be classified as mopeds or motor vehicles rather than bicycles.,Road Traffic Act Enforcement Regulations; Article 9-2-3 of the Road Traffic Act Enforcement Regulations
Dangerous Conduct,Advanced,Which use of a bicycle bell is consistent with the intent of Article 54 of the Road Traffic Act?,You may ring the bell at all times to make pedestrians give way.,Rules regarding horn use apply only to automobiles.,"Use the horn when designated by signs at places with poor visibility, or when unavoidable to prevent danger.",Use of a horn is completely prohibited in urban areas.,3,"Article 54 of the Road Traffic Act requires the use of a horn when directed by signs at blind intersections or when necessary to prevent danger, and prohibits unnecessary use of the horn in other situations.",Road Traffic Act; Articles 44 and 45
Basic Rules,Advanced,Under which law’s appendix are physical disabilities listed that may significantly interfere with safely operating a bicycle on the roadway?,Act on Welfare of Persons with Disabilities.,Road Transport Vehicle Act.,For bicycle utilization promotion.,Labor Standards Act.,1,Article 9-2-3 applies the disabilities listed in the appendix to the Act on Welfare of Persons with Physical Disabilities.,Metropolitan Police Department Bicycle Portal Site; List of Traffic Violations – Violation of Public Safety Commission Rules
Dangerous Conduct,Advanced,Which location is considered a no-parking or no-stopping area for bicycles under the Road Traffic Act?,A space designated as a bicycle parking area.,The center of the roadway.,Any location on a sidewalk where bicycles do not travel.,Crosswalks and certain areas before and after them.,4,"Crosswalks, areas near intersections, and other designated locations are subject to parking and stopping restrictions, and bicycles may not be parked there just like other vehicles.","Road Traffic Act Enforcement Regulations; Road Traffic Act, Articles 24-2 and 62-7"
Headphone Use,Beginner,Which combination of violation category and penalty is most closely associated with cycling while unable to hear surrounding sounds due to earphones?,"Riding without lights / 5,000 yen.","Signal violation / 6,000 yen.","Violation of Public Safety Commission compliance rules / 5,000 yen.","Mobile phone use (holding) / 12,000 yen.",3,"Rules concerning earphones are based on regulations issued by Prefectural Public Safety Commissions and are categorized as violations of Public Safety Commission rules. Because wording and enforcement practices differ by jurisdiction, individual confirmation is important.","Road Traffic Act, Article 7 – Obligation to Obey Traffic Signals"
Basic Rules,Advanced,How should a cyclist cross an intersection where no bicycle crossing lane is provided?,Cyclists are required to ride across crosswalks.,Cross the intersection by proceeding straight or turning as a vehicle according to vehicle traffic rules.,You may cross diagonally from any location.,You must always dismount and cross as a pedestrian.,2,"When no bicycle crossing zone is provided, cyclists must cross intersections according to the general traffic rules applicable to vehicles.","Five Rules for Safe Bicycle Use | Metropolitan Police Department; Road Traffic Act, Article 2"
Penalties & Liability,Advanced,Which statement best describes civil liability for damages in a bicycle accident?,Even bicycle accidents may result in substantial civil liability and damages under tort law.,"Liability belongs to the bicycle retailer, and the rider bears no responsibility.","All bicycle accidents are covered by health insurance, so compensation issues never arise.","Because bicycles are light vehicles, no liability for damages arises even if a personal injury accident is caused.",1,"Under Article 709 of the Civil Code and related provisions, many court cases have imposed substantial damages for bicycle accidents.",
Basic Rules,Beginner,"When crossing a road via a pedestrian crossing while riding a bicycle, which traffic signal must be obeyed?",Always follow pedestrian signals only.,"If there is a signal marked “Pedestrians and Bicycles Only,” follow that signal.",Always obey only vehicle signals.,Either signal is acceptable as long as it is green.,2,"Where a pedestrian-and-bicycle signal is installed, cyclists must obey that signal.","Road Traffic Act, Article 7 – Obligation to Obey Traffic Signals"
Basic Rules,Beginner,"According to Article 2 of the Road Traffic Act, into which category is a bicycle classified?",Pedestrian.,No classification.,Motor vehicle.,Light vehicle.,4,"Article 2 of the Road Traffic Act defines bicycles as light vehicles. Therefore, traffic rules applicable to light vehicles also apply to bicycles.","Five Rules for Safe Bicycle Use | Metropolitan Police Department; Road Traffic Act, Article 2"
Basic Rules,Advanced,Which method of operating a bicycle when entering a roadway from a sidewalk best complies with the duty of safe operation?,"If the vehicle signal is green, no safety check is necessary.",Do not check roadway traffic; only check whether a crosswalk exists.,Enter the roadway at the same speed used on the sidewalk.,Stop or slow down and carefully check the movements of vehicles and pedestrians before entering.,4,"To avoid collisions with other vehicles or pedestrians when entering a four-lane roadway, thorough safety checks are necessary.",Road Traffic Act; Articles 112 and 38
Speeding,Advanced,What is the penalty amount for a light vehicle exceeding the speed limit by less than 15 km/h?,"5,000 yen.","6,000 yen.","7,000 yen.","10,000 yen",2,"According to the National Police Agency's list of traffic violations, the penalty for a light vehicle exceeding the speed limit by less than 15 km/h is ¥6,000.",National Police Agency Bicycle Portal Site; List of Traffic Violations – Speeding
Stop Sign / Mandatory Stop,Advanced,What is the correct penalty amount for failing to stop at a designated stop location while riding a bicycle?,"5,000 yen.","6,000 yen.","7,000 yen.","12,000 yen",1,"According to the National Police Agency's list of traffic violations, the penalty for failing to make a required stop at a designated location with a light vehicle is ¥5,000.",National Police Agency Bicycle Portal Site; List of Traffic Violations – Failure to Stop at a Designated Location
Traffic Ticket System,Advanced,Which of the following is most likely to be handled through criminal procedures rather than the blue ticket system?,Failure to use a bell.,Improper saddle height adjustment.,Minor riding without lights.,Serious violations such as driving under the influence or drunk driving,4,"According to the system guidelines, serious offenses such as driving under the influence or causing an accident are generally handled through criminal procedures rather than the traffic ticket system.",Metropolitan Police Department Bicycle Portal Site; Government Public Relations Online – Distinction Between Blue Tickets and Red Tickets
Dangerous Conduct,Advanced,Which statement is generally correct regarding legal liability in bicycle accidents?,"If you cause damage to another person through negligence, you may be liable for substantial compensation.",Bicycle insurance does not exist.,"In bicycle accidents, the at-fault rider bears no liability for damages.",Liability arises only in accidents involving pedestrians,1,"Even in bicycle accidents, compensation liability can reach tens of millions of yen when serious permanent injuries occur, which is why bicycle insurance is strongly recommended.",Road Traffic Act and Civil Code; Civil Code Article 709 and Related Provisions
Basic Rules,Advanced,Which of the following best describes the requirements for a bicycle to qualify as a “standard bicycle” under the Road Traffic Act?,A motorized bicycle powered solely by an engine.,Any pedal-equipped vehicle is an ordinary bicycle regardless of size.,A bicycle whose size and structure meet legal standards and that is not towing another vehicle.,Any bicycle with three or more wheels is automatically classified as an ordinary bicycle,3,An ordinary bicycle is defined as a bicycle whose size and structure comply with Cabinet Office standards and that is not towing another vehicle.,"Five Rules for Safe Bicycle Use | National Police Agency; Road Traffic Act, Article 2, Article 63-3, and Enforcement Regulations Article 9-2"
Traffic Signals,Advanced,Which statement best explains the traffic signals that cyclists must obey?,Always obey only pedestrian signals.,Bicycles are exempt from traffic signal regulations.,Obey the signal facing you according to the way and location in which you are traveling.,Always obey only vehicle traffic signals,3,"According to National Police Agency guidance, cyclists should obey vehicle signals when riding on the roadway and pedestrian signals when riding on sidewalks, following the signal that applies to their position.",National Police Agency Bicycle Portal Site; Bicycle Traffic Rules – Keep Left and Obey the Traffic Signal Facing You
Traffic Ticket System,Advanced,Which statement correctly describes what happens if a cyclist fails to pay a blue ticket fine?,Only license points are added.,You will always be arrested immediately.,It automatically becomes invalid.,"If payment is not made after procedures through the Traffic Violation Notification Center, the case may proceed to criminal procedures",4,"If the penalty is not paid provisionally, procedures at the notification center may follow, and continued nonpayment may lead to criminal proceedings.",National Police Agency Bicycle Portal Site; Procedures for Unpaid Traffic Penalties
Basic Rules,Advanced,"When riding on a bicycle-pedestrian shared path marked with a “Bicycles and Pedestrians Only” sign, what is the most appropriate way to proceed?",Bicycles have priority over pedestrians and may proceed without speed restrictions.,"There are no rules under the Road Traffic Act, so you may travel freely.",You must always dismount and push the bicycle.,Travel at a speed and in a manner that does not obstruct pedestrians,4,"On a shared bicycle-pedestrian path, bicycles may travel, but they must be operated at a speed and in a manner that does not interfere with pedestrians.",Road Traffic Act; Articles 2 and 63-4
Dangerous Conduct,Advanced,Which statement correctly describes drunk cycling under Article 65 of the Road Traffic Act?,"It is prohibited to operate a vehicle, including a bicycle, while under the influence of alcohol.",Only the person providing alcohol is punishable; the rider is not.,It is acceptable to ride after drinking as long as you are not weaving.,Bicycles are not vehicles and therefore are not subject to drunk-driving regulations,1,"Article 65 of the Road Traffic Act prohibits operating a vehicle while under the influence of alcohol, and bicycles are included in this prohibition.","Five Rules for Safe Bicycle Use | National Police Agency; Road Traffic Act, Article 65"
Basic Rules,Advanced,"When riding on a bicycle-pedestrian shared path marked with a “Bicycles and Pedestrians Only” sign, what is the most appropriate riding method?",You must always dismount and walk the bicycle.,"There are no legal restrictions, so you may travel freely.",Bicycles have priority over pedestrians and may travel without speed restrictions.,Travel at a speed and in a manner that does not obstruct pedestrians,4,"On a bicycle-pedestrian shared path, bicycles may travel, but they must be ridden at a speed and in a manner that does not interfere with pedestrian traffic.",Road Traffic Act; Articles 2 and 63-4
Passing Distance,Advanced,"Regarding the side-passing rule, how should the references to “about 1 meter” and “about 20–30 km/h” be interpreted?",A standard that applies only to cyclists.,A standard applicable only to expressways.,A legally fixed and absolute standard.,They are only guidelines and must be judged according to the specific circumstances,4,National Police Agency materials explain that figures such as one meter of distance or speeds of 20–30 km/h are only guidelines and must be judged according to road and traffic conditions.,National Police Agency Bicycle Portal Site; Side-Passing Guidance Materials – Recommended Passing Methods
Dangerous Conduct,Advanced,"According to Article 63-9 and Article 9-3 of the Enforcement Regulations, which statement correctly describes bicycle brake requirements?",Racing bicycles do not require brakes.,It is sufficient if either the front or rear wheel can be braked.,It must be equipped with brakes capable of stopping both the front and rear wheels and be able to stop smoothly within a specified distance.,Brakes are unnecessary if you can stop by dragging your feet on the ground,3,Bicycles must be equipped with devices capable of braking both the front and rear wheels and must be able to stop smoothly within the prescribed distance.,"Five Rules for Safe Bicycle Use | National Police Agency; Road Traffic Act, Article 63-9 and Enforcement Regulations Article 9-3"
Helmet,Beginner,What is the legal status of bicycle helmet use?,"Helmet use is mandatory, and non-use is subject to a blue ticket.",It is optional and not mentioned in law at all.,"It is a best-effort obligation, and there is no fine category solely for not wearing a helmet.",Failure to wear one results in license suspension,3,Bicycle helmet use is a best-effort obligation. The list of traffic violations does not include a penalty category solely for not wearing a helmet.,"Metropolitan Police Department Bicycle Portal Site; Road Traffic Act, Article 63-11"
Motorized Kickboard (Specified Small Motorized Bicycle),Beginner,What is the minimum age requirement for operating a Specified Small Motorized Bicycle?,15 years old or older.,13 years old or older.,There is no age restriction.,Persons under 16 are prohibited,4,"Specified small motorized bicycles do not require a license, but operation by persons under 16 years of age is prohibited.",Metropolitan Police Department Bicycle Portal Site; Traffic Rules for Specified Small Motorized Bicycles – Age Restrictions
Basic Rules,Advanced,Which of the following is most likely to satisfy all regulatory requirements for a standard bicycle?,"Length 180 cm, width 65 cm, two wheels, no sidecar, with only a rider’s seat and a child seat.","Length 185 cm, width 55 cm, two wheels, no sidecar, rider seat plus child seat, with front and rear brakes.","Length 195 cm, width 55 cm, three wheels, no sidecar, with only a rider’s seat and rear bench seat.","Length 185 cm, width 55 cm, five wheels, no sidecar, driver's seat only",2,"Only option 2 naturally satisfies the requirements regarding length, width, number of wheels (four or fewer), passenger equipment (other than a child seat), and braking equipment.",Road Traffic Act Enforcement Regulations; Article 9-2-2
Penalties & Liability,Beginner,What is the most appropriate description of a guardian’s responsibility regarding helmet use by a child riding a bicycle?,"The school, not the guardian, is responsible.",Guardians have a duty to make efforts to ensure that children wear helmets.,"Guardians must ensure helmet use at all times, and any violation is immediately punishable.",Whether to have a child wear one is entirely optional and has no legal status,2,Article 63-11 of the Road Traffic Act establishes this as a best-effort obligation for guardians.,"Road Traffic Act Enforcement Regulations; Road Traffic Act, Article 63-11"
Differences in Helmet Regulations,Advanced,Which statement about helmet regulations is the most appropriate?,"Helmets are mandatory for bicycles, while specified small motorized bicycles do not require them.",Any vehicle that looks like a bicycle is subject to the same helmet rules.,"Bicycles, specified small motorized bicycles, and ordinary mopeds are legally different categories, and helmet rules are not identical.",Even a moped does not require a helmet if it has pedals,3,"Bicycles, specified small motorized bicycles, and standard mopeds are legally classified differently, and it is incorrect to assume that helmet rules apply identically to all of them.",National Police Agency Bicycle Portal Site; Materials Explaining the Difference Between Bicycles and Specified Small Motorized Bicycles
Enforcement Policy,Advanced,"According to the National Police Agency FAQ, how is a case of simply riding on a sidewalk generally treated?","In principle, it is subject to guidance and warning.",It does not constitute a violation.,It always results in a red ticket.,"In principle, it immediately results in a blue ticket",1,"According to the National Police Agency FAQ, simply riding on a sidewalk is generally subject to guidance and warnings rather than traffic tickets.",National Police Agency Bicycle Portal Site; FAQ – Examples of Guidance and Warnings
Dangerous Conduct,Beginner,"When road signs permit side-by-side riding of standard bicycles, how many bicycles may ride abreast?",Up to two bicycles.,No limit.,Up to three bicycles.,Only one bicycle,1,"Article 63-5 provides that even where signs permit parallel riding, no more than two ordinary bicycles may ride side by side.","Road Traffic Act, Article 63-5 – Exceptions Allowing Parallel Riding by Ordinary Bicycles"
Parking & Stopping,Advanced,Which statement regarding bicycle parking and stopping is correct?,Bicycles may be parked freely even near crosswalks.,"Parking and stopping violations, including abandoned parking violations, can also apply to bicycles as light vehicles.",Parking is always allowed on sidewalks.,Parking and stopping violations do not apply to bicycles,2,The National Police Agency's list of traffic violations includes parking and unattended parking violations for light vehicles.,National Police Agency Bicycle Portal Site; List of Traffic Violations – Illegal Parking and Parking Violations
Dangerous Conduct,Advanced,Which statement best reflects the Road Traffic Act’s approach to group bicycle riding?,Groups are exempt from traffic regulations.,You may ride abreast in any number even without a sign.,"Parallel riding is generally prohibited, and even where permitted by signs, it is limited to two bicycles.",Only motor vehicles are prohibited from riding side by side,3,"Riding side by side on bicycles is generally prohibited, and even where specially permitted by signs, it is limited to two bicycles.",Road Traffic Act; Articles 19 and 63-5
Basic Rules,Advanced,"When crossing a road where a bicycle crossing lane is provided nearby, what is the correct method of crossing?","Where a bicycle crossing zone exists nearby, cyclists must use that bicycle crossing zone to cross the road.",You must ride across a pedestrian crosswalk while remaining on the bicycle.,You may cross anywhere even if a bicycle crossing lane is provided.,You must always dismount and walk the bicycle when crossing,1,Article 63-6 of the Road Traffic Act requires cyclists to use a bicycle crossing zone when crossing the road near a location where such a crossing zone is provided.,"Five Rules for Safe Bicycle Use | National Police Agency; Road Traffic Act, Article 63-6"
Umbrella Riding,Advanced,Which statement best describes the legal treatment of riding a bicycle while holding an umbrella?,Expressly legal nationwide at all times.,"Because it may violate Public Safety Commission regulations in many regions, it should generally be avoided.",One-handed riding is unrelated to the duty of safe driving.,It automatically becomes legal on rainy days,2,"Riding while holding an umbrella may violate Public Safety Commission regulations in many areas and may also be evaluated as a violation of the duty to drive safely. Because regulations vary by region, it is safest to regard the practice as generally discouraged.",National Police Agency Bicycle Portal Site; Prefectural Public Safety Commission Regulations and Road Traffic Act Article 70 – Riding with an Umbrella
Dangerous Conduct,Advanced,"According to Article 26-2 of the Road Traffic Act, which statement correctly describes lane changes by cyclists?",A sudden lane change is permitted if it does not affect the speed or direction of vehicles behind.,Rules on lane changes do not apply to bicycles.,You must not change lanes if doing so could force vehicles behind you to make sudden speed or direction changes.,You may change lanes freely at any time,3,Article 26-2 of the Road Traffic Act prohibits changing lanes carelessly and forbids lane changes that could force following vehicles to make sudden speed or direction changes. This also applies to bicycles.,"Five Rules for Safe Bicycle Use | National Police Agency; Road Traffic Act, Article 26-2"
Basic Rules,Advanced,"On a road with designated traffic lanes, where should a bicycle normally travel?",Use the rightmost traffic lane.,You may freely choose any open lane regardless of traffic lane designations.,Use the leftmost traffic lane and ride on the left side of that lane.,You may freely move between the sidewalk and roadway,3,"Even where traffic lanes are provided, bicycles are generally required to use the leftmost lane and ride on the left side of that lane.",Road Traffic Act; Article 20
Motorized Kickboard (Specified Small Motorized Bicycle),Advanced,Which statement about Specified Small Motorized Bicycles is correct?,A license plate and compulsory liability insurance are required.,"It is intended only for sidewalk riding, and insurance is unnecessary.","Like a bicycle, no license plate is required.",Even those under 16 may ride if the vehicle has a license plate,1,A specified small motorized bicycle is not a bicycle but a type of moped and requires a license plate and compulsory liability insurance.,National Police Agency Bicycle Portal Site; Traffic Rules for Specified Small Motorized Bicycles – License Plates and Related Requirements
Basic Rules,Advanced,Which statement best reflects the intent of Article 53 regarding signaling when changing direction or turning on a bicycle?,"When traffic may be affected, signal in advance and make lane changes or turns with sufficient time and care.",You must not give signals while riding on a sidewalk.,Bicyclists have no signaling obligation.,No signal is required if you increase speed and turn quickly,1,"Hand signals are an important means of communication when changing direction or turning, helping to avoid danger to other road users.",Road Traffic Act; Article 53
Drunk Riding,Advanced,What is the correct legal threshold for riding under the influence as described in the official materials?,Breath alcohol concentration of 0.05 mg/L or blood alcohol concentration of 0.1 mg/ml.,Breath alcohol concentration of 0.15 mg/L or blood alcohol concentration of 0.3 mg/ml.,Breath alcohol concentration of 0.3 mg/L or blood alcohol concentration of 0.15 mg/mL.,There is no clear numerical standard,2,The materials indicate that the threshold for driving under the influence is a breath alcohol concentration of 0.15 mg/L or a blood alcohol concentration of 0.3 mg/mL.,National Police Agency Bicycle Portal Site; Bicycle Rulebook – Standards for Driving Under the Influence
Dangerous Conduct,Advanced,Which statement best reflects the intent of traffic laws and related standards regarding carrying a child on a bicycle?,There are no legal restrictions on carrying children.,A child may stand on the cargo rack for a short distance.,An adult may carry a child on any bicycle as long as the child is held.,A child may ride if the bicycle has an approved child seat or otherwise meets the required standards,4,"Using equipment that meets safety standards, such as bicycles designed for carrying children and approved child seats, is a fundamental requirement for safety.",Road Traffic Act; Articles 57 and 63-11
Dangerous Conduct,Advanced,Which statement most closely reflects the legal standard for hearing impairment?,Being able to hear a 60 dB sound from 5 meters away.,Being able to hear a 90 dB horn from 10 meters away.,Being able to hear a 40 dB sound from 20 meters away.,There are no specific standards for distance or sound volume,2,Article 9-7-2 defines hearing impairment based on the inability to hear a 90 dB warning sound from a distance of 10 meters.,Road Traffic Act Enforcement Regulations; Article 9-7-2
Basic Rules,Advanced,"At an intersection equipped with both a bicycle crossing lane and a bicycle-pedestrian signal, which signal must a cyclist obey when crossing?",Pedestrian-and-bicycle signal.,Vehicle signal only.,There are no specific rules.,Only pedestrian signals apply,1,"Under Article 7 of the Road Traffic Act and Article 2 of the Enforcement Order, road users must obey traffic signal indications.",Road Traffic Act Enforcement Regulations; Road Traffic Act Article 7 and Enforcement Regulations Article 2
Basic Rules,Advanced,"When a bicycle is traveling on a sidewalk, what is the most appropriate position for it to travel under the Road Traffic Act?",Near the building-side edge.,The center of the sidewalk.,The portion closest to the roadway.,There are no specific rules,3,"When riding on a sidewalk, cyclists are generally required to travel on the side closer to the roadway to protect pedestrian safety.","Road Traffic Act Enforcement Regulations; Road Traffic Act, Article 63-4"
No-Entry Restrictions,Advanced,What is the correct legal treatment of entering a road where bicycle access is prohibited?,Bicycles are exempt.,It may constitute a violation of a road closure or traffic prohibition.,Personal judgment takes precedence over traffic signs.,You may enter unconditionally if using the sidewalk,2,Violating a traffic prohibition that specifically applies to bicycles may constitute a prohibited-passage violation.,National Police Agency Bicycle Portal Site; Enforcement Information – Prohibited Passage Violations
Basic Rules,Beginner,"What obligation does a cyclist have near a pedestrian crossing, in line with the intent of Article 38 of the Road Traffic Act?",Simply slowing down is sufficient even when pedestrians are present.,Vehicles have priority over pedestrians.,Cyclists have no special duties at crosswalks.,"If a pedestrian intends to cross, you must stop or take other measures to avoid obstructing them",4,"Article 38 establishes pedestrian priority at crosswalks, and cyclists must not obstruct pedestrians using them.",Road Traffic Act; Article 38
Penalties & Liability,Advanced,Which statement best describes the Bicycle Rider Training Program?,A cyclist may be ordered to attend a bicycle operator safety course after repeated dangerous violations.,"There is no bicycle safety course system, regardless of how many violations are committed.",The training course is voluntary and unrelated to violations.,Failure to attend the course results in automatic revocation of a bicycle license,1,"Under Article 108-3-4 of the Road Traffic Act, repeatedly committing designated dangerous acts may result in an order to attend a safety course.","Road Traffic Act Enforcement Regulations; Road Traffic Act, Article 108-3-4"
Headphone Use,Advanced,Which statement most appropriately describes the treatment of bone-conduction and open-ear earphones?,Bone-conduction and open-ear earphones are always illegal.,Bone-conduction earphones are always legal.,Open-ear earphones are always legal.,"Assessment is made individually based on performance, volume, and ability to hear surrounding sounds",4,"National Police Agency guidance indicates that bone-conduction and open-ear earphones should not be judged solely by appearance, but rather by their performance and volume settings, making the issue context-dependent.",National Police Agency Bicycle Portal Site; National Police Agency Notice – Treatment of Bone-Conduction and Open-Ear Earphones
Lights & Illumination,Beginner,Which statement about riding a bicycle at night is correct?,Lights must be turned on at night.,"If there are streetlights, riding without lights is acceptable.",Lights are unnecessary if reflectors are installed.,Lights are unnecessary while riding on the sidewalk,1,Bicycles must use lights at night. This requirement applies regardless of street lighting or whether the bicycle is being ridden on a sidewalk.,Metropolitan Police Department Bicycle Portal Site; Bicycle Traffic Rules – Use Lights at Night
Wrong-Way Riding / Lane Position,Beginner,Which violation category most closely corresponds to riding a bicycle against traffic?,Violation of traffic lane rules.,Entering a railroad crossing when the barrier is down.,Failure to obey a traffic signal.,Riding without lights,1,"Riding on the right side of the roadway, commonly known as wrong-way riding, may constitute a violation of traffic lane rules.",Bicycle Portal Site – Enforcement Information; Traffic Lane Violations
Pedal-Equipped Moped,Advanced,Which statement is correct regarding products marketed as electric-assist bicycles that fail to meet legal standards?,"It may be classified as a general moped, requiring a license, helmet, and license plate.",Sidewalk riding is always permitted.,Anyone under 13 years old may ride freely.,"Treated the same as a bicycle, requiring neither a license nor a license plate",1,"National Police Agency materials indicate that products failing to meet the required standards may be classified as mopeds or other motor vehicles, requiring a license, helmet, and license plate.",National Police Agency Bicycle Portal Site; Published Materials – Differences from Electrically Assisted Bicycles
Smartphone Use While Riding,Beginner,What is the correct penalty amount for “mobile phone use while riding (holding)” on a bicycle?,"12,000 yen.","5,000 yen.","6,000 yen.","15,000 yen",1,"According to the Metropolitan Police Department’s list of traffic violations, the penalty for handheld mobile phone use while riding a bicycle is ¥12,000.",Metropolitan Police Department Bicycle Portal Site; List of Traffic Violations – Mobile Phone Use While Riding (Handheld)
Riding Side by Side,Beginner,Which statement about riding bicycles side by side is correct?,Always permitted.,"Riding abreast is prohibited in principle, with exceptions such as where a “riding abreast permitted” sign is posted.",Always permitted on sidewalks only.,Always permitted if only children are involved,2,Riding side by side on bicycles is generally prohibited and is allowed only when a sign specifically permits it.,Metropolitan Police Department Bicycle Portal Site; Bicycle Traffic Rules – Prohibition of Parallel Riding
Penalties & Liability,Advanced,Which statement best describes recent trends regarding bicycle liability insurance?,An increasing number of local governments promote enrollment and make it mandatory or a duty to make efforts.,Enrollment is limited to high school students and older.,An increasing number of ordinances prohibit bicycle liability insurance.,There is no such thing as bicycle insurance,1,"In response to increasing high-value compensation cases, many local governments have made bicycle insurance mandatory or strongly encouraged through local ordinances.",Road Traffic Act Enforcement Regulations; Local Government Ordinances and the Bicycle Utilization Promotion Act
Traffic Ticket System,Advanced,Which example is most likely to be handled through criminal procedures rather than the blue ticket system?,Serious violations such as drunk driving or driving under the influence.,A minor lighting violation.,Improper saddle height adjustment.,Failure to use a bell,1,"According to the system guidelines, drunk driving and drunk riding, as well as other serious violations or accidents, are generally handled through criminal procedures rather than the traffic ticket system.",National Police Agency Bicycle Portal Site; Government Public Relations Online – Distinction Between Blue Tickets and Red Tickets
Basic Rules,Beginner,Which statement best reflects the Road Traffic Act’s approach to bicycle maintenance and inspection?,Operating with non-compliant brakes or lighting equipment may be regarded as a violation of the duty of safe driving.,"As long as the light is inspected, there is no problem.",Inspection and maintenance are mandatory only for commercial bicycles.,"Even if required brakes or lights do not function, a bicycle may still be ridden",1,"Proper maintenance of brakes and lights is essential for safe riding, and poor maintenance may affect liability in the event of an accident.",Road Traffic Act; Articles 63-9 and 70
Bicycle Safety Course,Beginner,"According to public guidance, under what circumstances can a cyclist be ordered to attend a Bicycle Rider Training Course?",Only people who hold a driver's license are subject to it.,A single blue ticket always results in an order being issued.,A single violation automatically results in a training order.,A rider may become subject to the program if cited for dangerous acts two or more times within three years,4,Public information materials explain that being cited for dangerous cycling behavior two or more times within three years may result in an order to attend a bicycle safety course.,Metropolitan Police Department Bicycle Portal Site; Bicycle Safety Course System – Requirements for Attendance Orders
Traffic Ticket System,Beginner,"Which system was introduced for bicycles on April 1, 2026?",Bicycle licensing system.,Bicycle inspection certification system.,Bicycle tax system.,Traffic Violation Notification System (Blue Ticket System),4,"As of April 1, 2026, a traffic ticket system, commonly known as the blue ticket system, has been introduced for certain bicycle traffic violations.",Metropolitan Police Department Bicycle Portal Site; Traffic Violation Notification System
Dangerous Conduct,Beginner,"According to Article 33 of the Road Traffic Act, what obligation does a cyclist have when crossing railroad tracks?","Even if a railroad crossing gate has started to close, you may pass through if you hurry.","You must stop before the railroad crossing, confirm safety, and only then proceed.","At railroad crossings, slowing down is sufficient; stopping is unnecessary.","Because bicycles are light vehicles, there is no duty to stop at railroad crossings",2,Article 33 of the Road Traffic Act requires vehicles to stop immediately before a blind intersection and proceed only after confirming that it is safe to do so.,"Five Rules for Safe Bicycle Use | Metropolitan Police Department; Road Traffic Act, Article 33"
Turning (Left & Right),Beginner,What is the general rule for making a right turn on a bicycle?,Make a tight right turn like an automobile.,Right turns are prohibited.,Make a right turn by using the sidewalk.,Two-stage right turn,4,"Cyclists must generally make a two-stage right turn, following vehicle signals and proceeding along the outer edge of the intersection.",Metropolitan Police Department Bicycle Portal Site; Bicycle Traffic Rules – Right-Turn Procedures
Basic Rules,Beginner,"According to Article 63-11 of the Road Traffic Act, which statement about helmet use by children riding bicycles is correct?",Helmet regulations apply only to adults.,Helmet use is not mentioned anywhere in the law.,Children are required to wear helmets.,A person responsible for protecting a child must make efforts to have the child wear a bicycle helmet,4,Article 63-11 requires persons responsible for protecting children to make efforts to ensure that children wear helmets when riding bicycles.,"Five Rules for Safe Bicycle Use | Metropolitan Police Department; Road Traffic Act, Article 63-11"
Basic Rules,Beginner,Under what conditions may a standard bicycle legally ride on a sidewalk?,Anytime the roadway is congested and difficult to ride on.,You may always ride on the sidewalk when it is rainy or windy.,You may ride freely on the sidewalk if there are few pedestrians.,When permitted by road signs or when riding on the roadway would be dangerous for children or others under conditions specified by law,4,"Article 63-4 permits sidewalk riding only under limited conditions, such as where traffic signs allow it or where necessary for the safety of children and similar riders.",Road Traffic Act; Article 63-4
Sidewalk Riding,Beginner,What is the basic principle regarding where bicycles should travel?,Roadway use is the principle; sidewalk use is the exception.,Sidewalk riding is the principle; roadway riding is the exception.,You may freely choose either the sidewalk or the roadway.,Only bicycle paths may be used,1,Bicycles are classified as light vehicles and are generally required to use the roadway. Sidewalk riding is limited to specific exceptions.,"Metropolitan Police Department Bicycle Portal Site; Bicycle Traffic Rules – Roadway Use Is the Rule, Sidewalk Use Is the Exception"
Railroad Crossings,Beginner,What is the penalty amount for entering a railroad crossing when the barrier is down while riding a bicycle?,"9,000 yen.","7,000 yen.","5,000 yen.","6,000 yen",2,"According to the Metropolitan Police Department’s list of traffic violations, entering a railroad crossing while the barrier is down carries a penalty of ¥7,000 for cyclists.",Metropolitan Police Department Bicycle Portal Site; List of Traffic Violations – Entering a Railroad Crossing While the Barrier Is Down
Basic Rules,Beginner,Which of the following best describes the requirements for a bicycle to qualify as a “standard bicycle” under the Road Traffic Act?,A motorized bicycle powered solely by an electric motor.,Any vehicle with pedals is an ordinary bicycle regardless of size.,All bicycles with three or more wheels are ordinary bicycles.,A bicycle whose size and structure comply with Cabinet Office Ordinance standards and that is not towing another vehicle,4,An ordinary bicycle is defined as a bicycle whose size and structure meet prescribed standards and that is not towing another vehicle.,Road Traffic Act; Article 2
Basic Rules,Beginner,"According to Article 43 of the Road Traffic Act, what must a cyclist do at an intersection with a stop sign?",You may proceed without stopping as long as you slow down.,"If riding on the sidewalk, there is no need to stop at a stop sign.",You may pass through without stopping if no other vehicles are present.,"Stop before the stop line or immediately before the intersection, confirm safety, and then proceed",4,Article 43 of the Road Traffic Act requires road users to stop at the stop line or immediately before the intersection where a stop sign is present and not obstruct traffic on the crossing road.,"Five Rules for Safe Bicycle Use | Metropolitan Police Department; Road Traffic Act, Article 43"
Dangerous Conduct,Beginner,What is the correct way for a standard bicycle to travel on a sidewalk?,Ride near the center of the sidewalk at a somewhat faster speed.,"Ride slowly on the side of the sidewalk closer to the roadway (or in the designated bicycle section if one exists), and stop when necessary to avoid obstructing pedestrians.",You may ride on any part of the sidewalk as long as you travel slowly.,Proceed while ringing the bell to make pedestrians move aside,2,Article 63-4 requires cyclists riding on sidewalks to travel slowly on the side closer to the roadway and to stop when necessary to avoid obstructing pedestrians.,Road Traffic Act; Article 63-4
Basic Rules,Beginner,Which statement correctly describes compliance with traffic signals when riding a bicycle through an intersection?,Cyclists are not required to obey traffic signals.,Cyclists may proceed through a red light when traffic is light.,"Bicycles must obey vehicle traffic signals, and where a pedestrian-and-bicycle signal is provided, they must obey that signal.",Bicycles are treated as pedestrians and must always obey pedestrian signals,3,"Cyclists are required to obey traffic signals, and where a pedestrian-and-bicycle signal is installed, they must follow that signal.","Five Rules for Safe Bicycle Use | Metropolitan Police Department; Road Traffic Act, Article 7"
Basic Rules,Beginner,"According to Article 9-4 of the Enforcement Regulations, which combination of reflector colors is permitted for bicycles?",Any color is acceptable.,Red only.,Amber or red.,White or light yellow,3,The law provides that the color of reflected light from bicycle reflectors must be either amber or red.,Road Traffic Act Enforcement Regulations; Article 9-4 of the Road Traffic Act Enforcement Regulations
Traffic Signals,Beginner,What is the correct penalty amount for running a red light on a bicycle?,"5,000 yen.","7,000 yen.","12,000 yen.","6,000 yen",4,"According to the list of traffic violations, the penalty for running a red light on a bicycle is ¥6,000, while failing to obey a flashing signal is categorized as a ¥5,000 violation.",Metropolitan Police Department Bicycle Portal Site; List of Traffic Violations – Failure to Obey Traffic Signals
Basic Rules,Beginner,"According to Article 18 of the Road Traffic Act, where should a bicycle normally travel on the road?","If there is a sidewalk, you must always use it.","As a rule, ride near the center of the roadway.","As a rule, ride near the left edge of the roadway.","As a rule, travel near the right edge of the roadway",3,"Light vehicles, including bicycles, are generally required to travel close to the left edge of the roadway.",Road Traffic Act; Article 18
Dangerous Conduct,Beginner,"According to Article 42 of the Road Traffic Act, at which locations is a cyclist required to slow down? (Partial excerpt)",A straight road with two lanes in one direction and good visibility.,All sections of roads where a bicycle path is installed.,All roads in residential areas.,"An intersection with poor visibility (uncontrolled intersection, non-priority road)",4,"Article 42, Item 1 requires vehicles to slow down at uncontrolled intersections where visibility to the left and right is obstructed.",Road Traffic Act; Article 42
Dangerous Conduct,Beginner,What are the legal requirements regarding lights and reflectors when riding a bicycle at night?,A bicycle light is unnecessary if you wear a reflective sash.,"At night, bicycles must have a headlight illuminated and be equipped with a rear reflector or tail light.",There are no rules concerning bicycle lights at night.,"Even at night, lights are unnecessary if streetlights are present",2,Articles 52 and 63-9 of the Road Traffic Act require bicycles operated at night to use a headlight and to be equipped with a rear reflector or taillight.,"Five Rules for Safe Bicycle Use | Metropolitan Police Department; Road Traffic Act, Articles 52 and 63-9"
Stop Sign / Mandatory Stop,Beginner,What obligation does a cyclist have at an intersection with a stop sign?,No need to stop if no cars are coming.,It is irrelevant when riding on a sidewalk.,You must come to a complete stop and check for safety.,Slowing down alone is sufficient,3,"Where a stop sign is present, cyclists must come to a complete stop and confirm that it is safe before proceeding.",Metropolitan Police Department Bicycle Portal Site; Bicycle Traffic Rules – Mandatory Stop
Passing Distance,Beginner,Which statement correctly describes the side-passing rule that took effect in April 2026?,Applies only on sidewalks.,You must always keep at least 2 meters of clearance.,"When sufficient passing distance is unavailable, motor vehicles must proceed at a safe speed, and bicycles must keep as close as possible to the left edge.",The obligation applies only to bicycles,3,"Under the side-passing rules that took effect in April 2026, motor vehicles must proceed at a safe speed when sufficient passing distance is unavailable, and cyclists should move as close as possible to the left edge of the roadway.","Metropolitan Police Department Bicycle Portal Site; Road Traffic Act, Article 18, Paragraphs 3 and 4"
Lights & Illumination,Beginner,What is the penalty amount for riding a bicycle without lights?,"7,000 yen.","6,000 yen.","5,000 yen.","12,000 yen",3,"According to the Metropolitan Police Department’s list of traffic violations, riding without lights on a bicycle carries a penalty of ¥5,000.",Metropolitan Police Department Bicycle Portal Site; List of Traffic Violations – Riding Without Lights
Sidewalk Riding,Beginner,"When sidewalk riding is permitted, what is the correct way for a cyclist to proceed?",Bicycles have priority over pedestrians.,You may ring the bell to make pedestrians move aside.,Ride as fast as possible near the center of the sidewalk.,"Yield to pedestrians by traveling slowly, and stop if you would obstruct them",4,"Pedestrians have priority on sidewalks. Where no designated bicycle section exists, cyclists must travel slowly on the side closer to the roadway and stop when necessary to avoid obstructing pedestrians.",Metropolitan Police Department Bicycle Portal Site; Bicycle Traffic Rules – How to Ride on Sidewalks
Basic Rules,Beginner,Which of the following most closely corresponds to an improper riding position under Articles 17 and 18 of the Road Traffic Act?,Ride near the left edge of the roadway.,Ride near the right edge of the roadway.,"As a rule, ride on the sidewalk and use the roadway only when it is dangerous.",Freely move between the sidewalk and roadway depending on the situation,1,"Light vehicles, including bicycles, are generally required to travel close to the left edge of the roadway.","Five Rules for Safe Bicycle Use | Metropolitan Police Department; Road Traffic Act, Articles 17 and 18"
