Categoría,Nivel de dificultad,Enunciado del problema,Opción 1,Opción 2,Opción 3,Opción 4,Número de respuesta correcto,Resumen,Normas de tráfico relacionadas
acto peligroso,上級,¿Cuál de las siguientes explicaciones es la más adecuada respecto al tráfico ciclista en las rutas y zonas escolares?,No se aplican restricciones a las bicicletas en absoluto.,"Debido a las normativas locales de tráfico, el tráfico de bicicletas está prohibido en determinadas horas, Pueden aplicarse regulaciones especiales como obligaciones de conducción lenta.",Las bicicletas están prohibidas en todo el país,"Las bicicletas, al igual que los coches, siempre deben circular por el lado derecho",2,"Las normativas de las rutas escolares se aplican mediante las normas de tráfico establecidas por cada Comisión de Seguridad Pública prefectural,",Reglamentos de Aplicación de la Ley de Tráfico Vial
Política de Aplicación,上級,¿Cuál de las siguientes explicaciones es la más adecuada respecto al tráfico ciclista en las rutas y zonas escolares?,Todas las infracciones resultan en multas azules inmediatas.,El sistema Blue Ticket abolió el sistema de advertencia de orientación,Caminar por las aceras siempre resulta en una multa roja.,"Las infracciones están básicamente sujetas a advertencias de orientación, pero las infracciones maliciosas o peligrosas pueden ser procesadas. Convertirse en",4,Hay casos en los que también se ven afectadas las bicicletas.,Ley de Tráfico / Normas de Regulación del Tráfico Artículo 4
Mientras uso mi smartphone,上級,"En cuanto al resumen actual del seguimiento y funcionamiento de un smartphone fijado al titular,
¿Cuál es el más apropiado?","Mientras esté arreglado, siempre es legal",No existen regulaciones legales sobre los smartphones fijos.,"Aunque existen algunos acuerdos que no se engloban en 'tenencia',
Si se crea un peligro, pueden surgir infracciones a las obligaciones de conducción segura y otros problemas.","Incluso si se fija, siempre constituye una violación del artículo 71, párrafo 5, punto 5, ""Retención""",3,"Según las preguntas frecuentes de la Agencia Nacional de Policía, incluso después de la introducción de la multa azul, las infracciones en bicicleta son básicamente",Portal de Bicicletas de la Agencia Nacional de Policía
Conducción segura,上級,"La forma más adecuada de proceder con una bicicleta en cruces con mala visibilidad o zonas peligrosas es:
¿Cuál es?",No hace falta comprobar si no hay peatones,Mantén la velocidad y pasa de golpe,No hay obligación de control de seguridad sin señalización,Avanza al ritmo y método más seguros posibles según la situación,4,"Aunque estas se consideran advertencias de orientación, las infracciones maliciosas y peligrosas se explican como sujetas a arresto","Guías, advertencias y arrestos del portal de bicicletas"
Reglas básicas,上級,"Como método para girar a la derecha en una bicicleta que es un vehículo ligero, los siguientes son los siguientes métodos que cumplen con el Artículo 4, Párrafo 3 de la Ley de Tráfico.
¿Cuál es?",Acércate al borde derecho de la carretera con antelación antes de girar a la derecha.,Muévete al centro de la carretera con antelación y luego gira a la derecha.,No existe un método fijo para girar a la derecha,"Antes, realiza un giro a la derecha en dos fases por el borde izquierdo de la carretera y continúa por el borde de la intersección",4,"Según la opinión de la policía basada en informes, los smartphones fijos no se consideran 'holding'",Portal de Bicicletas de la Agencia Nacional de Policía
correr lado a lado,上級,¿Cuál de las siguientes es una excepción adecuada para permitir el viaje en paralelo en bicicleta?,Cuando quieres tener una conversación,Solo para bicicletas infantiles,Si se instala un signo traslacional,Siempre posible en las aceras,3,"Aunque existen interpretaciones injustas, si la conducción se vuelve peligrosa, otras evaluaciones, como las violaciones de las obligaciones de conducción segura, pueden ser problemáticas.",Ley de Tráfico Vial y Opiniones de la Policía basadas en las noticias
Restricciones de la atracción,上級,¿Cuál es la excepción más adecuada para ciclistas de dos personas?,Cualquiera puede montar a dos personas en distancias cortas,Pon a un amigo atrás,"Mientras la carretera esté despejada, siempre es posible.","Cuando la ley lo permite, como colocar a los bebés en una silla infantil",4,"Los asientos de dos asientos están generalmente prohibidos, pero existen excepciones legalmente permitidas, como colocar a los bebés en asientos para bebés",Artículo 71-5 y Artículo 70
Reglas básicas,上級,¿Qué rango de velocidad deben regular legalmente las bicicletas con asistencia eléctrica para que se estructuren sin ayuda del motor a un rango de km/h?,10 km/h o más,20 km/h o más,24 km/h o más,30 km/h o más,3,"Según el artículo 1-3, se exige que las fuerzas auxiliares del motor no se apliquen a velocidades superiores a 24 km/h",Portal de Bicicletas de la Agencia Nacional de Policía
Reglas básicas,上級,"¿Cuál de las siguientes condiciones es la más adecuada para calificar como ""vehículo ordinario"" según la Ley de Tráfico Vial?",10 km/h o más,"Mientras tenga pedales, todos son coches estándar independientemente del tamaño.",Bicicletas motorizadas que circulan únicamente por un vehículo motorizado,Bicicletas cuyo tamaño y estructura corporal cumplen con los estándares y no remolcan otros vehículos,4,Una bicicleta normal se define como aquella cuyo tamaño y estructura corporal cumplen con los estándares establecidos por las ordenanzas de la Oficina del Gabinete y que no remolcan otros vehículos,Portal de bicicletas Normas de tráfico Velocidades seguras y métodos
Conducir bajo los efectos del alcohol,上級,¿Cuál de las siguientes leyes se acerca más a una ley que podría convertirse en un problema como 'asistencia' relacionada con la conducción bajo los efectos del alcohol en bicicleta?,Promover el uso del casco,Prestar bicicletas o proporcionar alcohol a personas que probablemente conducirán después de beber ・Solicita un conductor,Guía transporte público,Persuadir al borracho para que deje de conducir,2,"Según materiales conocidos, no solo conducir ebrio, sino también la asistencia como proporcionar alcohol, bicicletas o solicitar un conductor puede ser problemática",Cinco normas para el uso seguro de bicicletas | Agencia Nacional de Policía
Sistema de Billetes Verdes,上級,¿Qué plazo provisional de pago se alinea con la explicación del sistema al admitir una infracción con una multa azul para bicicletas?,En un plazo de principio de 7 días desde el día siguiente a la entrada en vigor,El día de la aplicación,En un plazo de 30 días tras la notificación,Sin fecha límite,1,"Según la explicación del sistema, si se reconoce una infracción, esta se implementará a partir del día siguiente al inicio de la aplicación.","Artículo 34, párrafos 1 y 3 de la Ley de Tráfico por Carretera"
Conducir bajo los efectos del alcohol,初級,¿Cuál de las siguientes afirmaciones sobre conducir ebrio en bicicleta es correcta?,"Las bicicletas no son vehículos y, por tanto, están excluidas",Conducir ebrio está prohibido incluso en bicicleta.,Solo está prohibida la embriaguez; se excluye a quienes estén bajo los efectos del alcohol.,Prohibición solo nocturna,2,"En principio, el proceso consiste en realizar un pago provisional en un plazo de 7 días",Portal de Bicicletas de la Agencia Nacional de Policía
Ciclomotores pequeños especificados,上級,¿Cuál de las siguientes afirmaciones sobre bicicletas pequeñas específicas es correcta?,"Si tienes pedales, automáticamente se convierte en un ciclomotor pequeño especificado.",一般原付と完全に同一ルールで、年齢制限もない,Es una bicicleta en sí misma y está clasificada como un vehículo ligero,"Si se cumplen ciertos requisitos, no se requiere licencia, pero en lugar de bicicletas, Es una bicicleta pequeña y motorizada especificada",4,Conducir ebrio está prohibido incluso en bicicleta. Se considerará una infracción grave.,Reglamento de la Comisión de Seguridad Pública Prefectural y Normas de la Agencia Nacional de Policía Explicación: Señales de entrada paralela
Mientras uso mi smartphone,初級,"¿Cuál de los siguientes es el más cercano a un acto prohibido de ""montar en bicicleta mientras se monta""?",Coge tu mano mientras conduces (excepto cuando te pares) para hacer llamadas o mirando la pantalla,Sigue exactamente las mismas normas que los ciclomotores normales y no tiene restricciones de edad,Llevar un smartphone en la bolsa,"Llevar un smartphone, incluso cuando el coche está parado,",1,"Las bicicletas pequeñas motorizadas especificadas no son bicicletas, sino un tipo de ciclomotor; cumplen ciertos requisitos y no requieren licencia, pero legalmente se clasifican por separado de las bicicletas",Portal de Bicicletas de la Agencia Nacional de Policía
Bicicleta de asistencia eléctrica,上級,"¿Cuál de los siguientes es el más cercano a un acto prohibido de ""montar en bicicleta mientras se monta""?",PSC Mark,PSE Mark,Llevar un smartphone en la bolsa,JIS Mark,3,"Según el sistema, mientras se va en bicicleta (excepto cuando se detiene), se utiliza un smartphone o dispositivo similar",Sillas infantiles para el uso seguro de bicicletas de la Agencia Nacional de Policía
acto peligroso,上級,Montar en bicicleta dentro de túneles o por puentes estrechos que cumplan con las obligaciones de conducir seguro es ¿Cuál es?,"Para evitar molestar a los coches de detrás, aumenta la velocidad. Pásalo de una sola vez","Conduce con las luces apagadas, lo que dificulta ver solo tu coche. para hacer",Procede despacio mientras revisas a fondo la seguridad tanto en la parte trasera como en la delantera,"Dado que la obligación de conducción segura solo se aplica a los automóviles, las bicicletas pueden circular a su propia velocidad",3,Está prohibido sostener el teléfono mientras lo sostienes en la mano o miras la pantalla.,Reglamentos de Aplicación de la Ley de Tráfico Vial
Paso en la acera,上級,¿Cuál es el caso más adecuado para que las bicicletas circulen por las aceras?,"En los días con mucho equipaje, siempre puedes caminar por la acera.","Cuando se permite señalización, etc., o cuando hay excepciones como las de menores de 13 años o mayores de 70 años",Cuando tienes prisa,"Si sientes que hay demasiados coches, puedes moverte libremente por la acera.",2,"Según el sistema de aprobación de tipos de la Agencia Nacional de Policía, la marca TS se muestra en bicicletas equipadas con asistencia a la conducción que cumplen con los estándares",Reglamento de Aplicación de la Ley de Tráfico Vial Artículo 1-3
Sistema de Billetes Verdes,初級,¿Cuál es el caso más adecuado para que las bicicletas circulen por las aceras?,15 años o más,18 años o más,16 años o más,Todas las edades,3,"En zonas con mala visibilidad y alto riesgo de contacto, conducir despacio y garantizar controles de seguridad adecuados es esencial",Cinco normas para el uso seguro de bicicletas | Agencia Nacional de Policía
Reglas básicas,上級,¿Cuál de las siguientes es la comprensión correcta de la relación de fuerza auxiliar de bicicletas con asistencia eléctrica en el rango de velocidades entre 10 km/h y 24 km/h?,"Cuanto mayor es la velocidad, menor es la relación entre la fuerza auxiliar y la fuerza humana","Independientemente de la velocidad, siempre puede ayudar a la mano de obra en una proporción constante.",No se debe usar ninguna potencia auxiliar dentro de este rango de velocidades,"Más allá de 20 km/h, el límite de la relación de fuerza auxiliar desaparece.",1,"El recorrido por la acera solo está permitido cuando hay señales, cuando una persona menor de 13, 70 años o más, o con discapacidades físicas conduce, o en circunstancias inevitables","Artículo 2, Artículo 63-3 de la Ley de Tráfico Viario, Reglamento de Aplicación Artículo 9-2"
Reglas básicas,上級,¿Cuál de las siguientes condiciones se alinea mejor con la intención del Artículo 63-4 de la Ley de Tráfico Vial para permitir que las bicicletas ordinarias circulen por las aceras?,"Las bicicletas, en principio, se utilizan en las aceras, siendo la excepción del tráfico de carretera","El uso de aceras solo está permitido cuando está señalizado por señales de tráfico, o cuando es peligroso para niños o personas mayores circular por la carretera",Las bicicletas siempre pueden pasar por aceras anchas.,Los usuarios de bicicletas pueden usar las aceras siempre que se sientan peligrosos.,2,"Según la explicación del sistema, el Ticket Azul para bicicletas suele estar limitado a mayores de 16 años.",Portal de Bicicletas de la Agencia Nacional de Policía
Reglas básicas,初級,¿Cuál de las siguientes condiciones se alinea mejor con la intención del Artículo 63-4 de la Ley de Tráfico Vial para permitir que las bicicletas ordinarias circulen por las aceras?,Automóvil,peatón,Vehículos ligeros,Sin especificación,3,"El artículo 1-3, Punto 1, Sección (2) establece un límite superior mediante fórmulas que reducen la relación de fuerzas auxiliares según la velocidad",Ley de Tráfico en Carretera / Materiales informativos: Asistencia para la conducción bajo los efectos del alcohol
acto peligroso,初級,¿Cuál de las siguientes condiciones se alinea mejor con la intención del Artículo 63-4 de la Ley de Tráfico Vial para permitir que las bicicletas ordinarias circulen por las aceras?,"Con un dispositivo de abordaje, puedes llevar a tantas personas como quieras.","Conducir con personas en lugares sin instalaciones de embarque está generalmente prohibido, y el número de pasajeros en vehículos ligeros está restringido por las normativas de la Comisión de Seguridad Pública",Siempre se permite una persona en la silla y otra en la caja de carga.,No existen normas sobre el número de pasajeros en bicicleta.,2,"Las bicicletas ordinarias solo pueden circular por aceras si están señalizadas por señales de tráfico, o cuando es peligroso para niños, bebés, personas mayores circular por la carretera, o en otras circunstancias inevitables",Portal de Bicicletas de la Agencia Nacional de Policía
Reglas básicas,上級,¿Qué método se alinea mejor con la intención del Artículo 25 de la Ley de Tráfico Vial al girar a la izquierda cuando una bicicleta entra en una instalación fuera de la carretera?,Cerca del borde derecho y luego gira a la izquierda.,Puedes girar bruscamente a la izquierda desde cerca del centro de la carretera,Muévete lo más lejos posible hacia el extremo izquierdo de la carretera por adelantado y luego gira lentamente a la izquierda,Solo cruza la acera y gira,3,"El artículo 2 de la Ley de Tráfico Vial estipula que las bicicletas se clasifican como ""vehículos ligeros"".",Portal de Bicicletas de la Agencia Nacional de Policía Sitio Pago Provisional
Política de Aplicación,上級,"¿Qué ejemplos de Multas Azules aparecen indicadas en las Preguntas Frecuentes de la Agencia Nacional de Policía no como advertencia, sino como Multa Azul?",Caminando despacio por las aceras,No llevar casco,Entrada en el paso de barrera,Aplicación de material reflectante,3,"Según los artículos 55 y 57 de la Ley de Tráfico Vial, el transporte de personas en lugares sin instalaciones de embarcamiento está generalmente prohibido, y la Comisión de Seguridad Pública establece estándares para el número de pasajeros en vehículos ligeros.",Portal de Bicicletas de la Agencia Nacional de Policía
Intersecciones y cruces,上級,¿Cuál es la forma adecuada de manejar las bicicletas cerca de los cruces?,Los pasos peatonales tienen prioridad para los peatones y no deben obstruir el paso peatonal,Tocar la campana permite el paso prioritario,Vehículos ligeros,Las bicicletas no deben cruzar pasos de peatones.,1,"Al girar a la izquierda para salir de la carretera, según el artículo 25 de la Ley de Tráfico, debes mantenerte lo más cerca posible del borde izquierdo de la carretera y reducir la velocidad antes de girar a la izquierda",Preguntas frecuentes sobre el portal de bicicletas: Ejemplos de infracciones maliciosas y peligrosas
acto peligroso,上級,¿Qué obligación según el artículo 72 de la Ley de Tráfico Circulante es apropiada cuando una bicicleta provoca un accidente de tráfico?,"Si la otra persona parece estar levemente herida, puedes abandonar la zona","Los conductores deben dejar de conducir de inmediato, prestar primeros auxilios a los heridos, tomar medidas de prevención de riesgos y denunciar a la policía",Las bicicletas no están obligadas a informar de accidentes,"Si es un accidente por daños a la propiedad, no hace falta hacer nada.",2,"Según las preguntas frecuentes de la Agencia Nacional de Policía, ejemplos como entrar en un paso a nivel, frenos de bicicleta defectuosos y usar (o sostener un teléfono móvil) se enumeran como ejemplos de elegibilidad para el ticket azul en lugar de advertencias",Portal de Bicicletas de la Agencia Nacional de Policía
Frenos,初級,¿Qué obligación según el artículo 72 de la Ley de Tráfico Circulante es apropiada cuando una bicicleta provoca un accidente de tráfico?,10.000 yenes,6.000 yenes,5.000 yenes,7.000 yenes,3,"Los peatones son lugares donde tienen prioridad, y las bicicletas no deben obstruir el paso peatonal y deben detenerse o ceder el paso según sea necesario","Agencia Nacional de Policía: Normas de tráfico ciclista: Excepciones a la salida por aceras, pasos peatonales y prioridad peatonal"
Reglas básicas,初級,¿Qué combinación de dimensiones de carrocería es correcta para una bicicleta estándar?,"Longitud 200 cm o menos, anchura 70 cm o menos","Solo la longitud máxima es fija, pero no hay límite superior de anchura.","Longitud 190 cm o menos, anchura 60 cm o menos","Longitud 180 cm o menos, anchura 80 cm o menos",3,"El artículo 72 de la Ley de Tráfico Circular exige que los conductores de vehículos implicados en accidentes de tráfico presten asistencia médica a las personas heridas, tomen medidas para prevenir peligros en la carretera y informen a la policía, incluidas las bicicletas",Cinco normas para el uso seguro de bicicletas | Agencia Nacional de Policía
acto peligroso,初級,¿Cuál de las siguientes explicaciones es la más adecuada bajo la Ley de Tráfico en Carretera respecto a conductas peligrosas como conducir con una sola mano o usar un smartphone en bicicleta?,"Longitud 200 cm o menos, anchura 70 cm o menos",No está prohibido el uso de smartphones,Las infracciones de las obligaciones de conducción segura o de las normativas de la Comisión de Seguridad Pública pueden estar sujetas a aplicación,Conducir con una sola mano no constituye una infracción,3,"Según la lista de infracciones del Departamento de Policía Metropolitana, la multa por fallo de frenos de bicicleta es de 5.000 yenes.",Artículo 72 de la Ley de Tráfico Vial
Reglas básicas,上級,¿Cuál de las siguientes explicaciones es la más adecuada bajo la Ley de Tráfico en Carretera respecto a conductas peligrosas como conducir con una sola mano o usar un smartphone en bicicleta?,No existen ningún estándar para el color o el brillo de los equipos reflectantes.,Seguir las normas para reflectores de automóviles en lugar de bicicletas,No está clasificado como equipo de seguridad y no cuenta con un sistema de aprobación de tipo,"Está sujeto a la aprobación de tipo como equipo de seguridad, etc., y se juzga por si cumple con los estándares del Artículo 9-4.",4,"Las normativas de aplicación especifican que las bicicletas estándar deben medir ""190 cm de largo o menos, ancho 60 cm o menos."" Cualquier cosa más allá de esto no se considera una bicicleta normal.",Portal de Bicicletas del Departamento de Policía Metropolitana　
Intersecciones y cruces,上級,¿Cuál de las siguientes explicaciones es la más adecuada bajo la Ley de Tráfico en Carretera respecto a conductas peligrosas como conducir con una sola mano o usar un smartphone en bicicleta?,Las bicicletas no están sujetas a la normativa de semáforos,"Dependiendo del cruce y la ubicación del tráfico, debes seguir los semáforos que encuentres",Siempre obedece solo las señales peatones mientras caminas por las aceras.,Siempre obedece las señales del vehículo incluso mientras caminas por las aceras.,2,"Bajo la obligación de conducir seguro según el Artículo 70 de la Ley de Tráfico Vial y las regulaciones de la Comisión de Seguridad Pública basadas en el Artículo 71, la conducción en solitario, la conducción con smartphone y la conducción con paraguas pueden considerarse infracciones y estar sujetas a aplicación.",Lista de faltas del Sistema de Frenos de Bicicleta del Departamento de Policía Metropolitana
acto peligroso,上級,"Si una bicicleta provoca un accidente de tráfico, ¿cuál de las siguientes acciones cumple el conductor con el Artículo 72 de la Ley de Tráfico?","Solo se requiere movimiento de vehículo; en principio, no es necesario prestar ayuda a los heridos","Pasa por el primer carril para vehículos contado desde el extremo izquierdo, y luego continúa por su lado izquierdo","Si quieres que la otra persona se vaya, no tienes que hacer nada","Deja de conducir inmediatamente, presta primeros auxilios a los heridos y toma medidas de prevención de riesgos, y comunica su situación al agente de policía",4,"Según el artículo 39-8, el equipo reflectante instalado en bicicletas se designa como equipo de seguridad sujeto a aprobación de tipo, y las normas se determinan en el artículo 9-4",Reglamento de Aplicación de la Ley de Tráfico Vial Artículo 9-2-2
Reglas básicas,上級,"En carreteras con carriles para vehículos, ¿cuál es la posición más adecuada para que las bicicletas pasen?",Circula libremente por aceras y carreteras según la situación,"Pasa por el primer carril para vehículos contado desde el extremo izquierdo, y luego continúa por su lado izquierdo",Pasando por el carril de vehículos más a la derecha.,Puedes elegir y usar libremente cualquier franja de pasaje abierto,2,"Las bicicletas que circulan por aceras pueden seguir señales peatonales dependiendo de la estructura del cruce y su posición de paso. Es difícil decir simplemente 'esto es todo lo que necesitas', así que es más seguro organizar la visualización de los semáforos que enfrentas",Normas estándar para el tamaño de la bicicleta (longitud y ancho)
Uso de auriculares,初級,"En carreteras con carriles para vehículos, ¿cuál es la posición más adecuada para que las bicicletas pasen?","Independientemente de si tienes uno o ambos oídos, puedes juzgar si no oyes los sonidos o voces necesarios para conducir con seguridad.","Si es solo una oja, siempre es legal.",No hay regulaciones sobre los auriculares.,"Si tienes ambas orejas, siempre es una infracción",1,"El artículo 72 exige que, en caso de accidente, los heridos sean tratados con atención médica, medidas de prevención de riesgos y notificados a la policía",Cinco reglas para el uso seguro de bicicletas
Reglas básicas,上級,"En carreteras con carriles para vehículos, ¿cuál es la posición más adecuada para que las bicicletas pasen?","Independientemente de si tienes uno o ambos oídos, puedes juzgar si no oyes los sonidos o voces necesarios para conducir con seguridad.",Las bicicletas que circulan por carreteras no prioritarias deben prestar atención a los vehículos que adelantan en carreteras prioritarias y tomar medidas como detenerse cuando sea necesario.,No hay regulaciones sobre los auriculares.,Los vehículos que circulan por carreteras prioritarias deben ceder siempre el paso a las carreteras no prioritarias,2,"Cuando hay un carril para vehículos, generalmente se requiere que las bicicletas circulen por el primer carril contado desde el extremo izquierdo y luego por el lado izquierdo",Reglamento de Política de la Ley de Tráfico Vial
Mientras uso mi smartphone,上級,¿Cuál de las siguientes opciones es la forma correcta para que las bicicletas pasen por pasos a nivel donde las barreras están caídas?,Las infracciones siempre se cometen incluso estando suspendido,"Aunque empujes mientras caminas, definitivamente es una infracción",El objetivo básico es mientras conduces (excepto cuando estás parado),"Si no haces llamadas ni siquiera mirando tu smartphone, no es una infracción",3,"Según el aviso de la Agencia Nacional de Policía, en lugar de emitir un único juicio basado en si se oyen uno o ambos oídos, la orden es juzgar en función de si el sonido o la voz necesarios para conducir con seguridad no son audibles.",Reglamento de Aplicación de la Ley de Tráfico Vial Artículo 9-4 y Artículo 39-8
Cruce ferroviario,初級,¿Cuál de las siguientes opciones es la forma correcta para que las bicicletas pasen por pasos a nivel donde las barreras están caídas?,"Si empujas y caminas, siempre puedes pasar de largo",Puedes caminar por la acera.,No entres cuando la barrera esté caída o cuando el calefactor empiece a caer.,Puedes usarlo en bicicleta,3,"En las carreteras prioritarias, se impone aún más precaución a los vehículos que entran por el lado no prioritario, incluidas las bicicletas",
acto peligroso,上級,¿Cuál de las siguientes opciones es la forma correcta para que las bicicletas pasen por pasos a nivel donde las barreras están caídas?,"Siguiendo el método de tráfico vial, no es necesario cruzar bici",Solo se permiten pasos peatonales; no se permiten cruces para bicicletas.,"En los cruces, debes bajarte de la bicicleta y caminar",Puedes usarlo en bicicleta,4,"Según los materiales de aviso público, las llamadas con cámara y el observar la pantalla mientras se conduce (excepto estando parado) son un objetivo, y las evaluaciones en cada caso dependen de la situación",Ley de Tráfico Vial
acto peligroso,初級,¿Cuál es la explicación correcta para la conducción en paralelo en una bicicleta normal?,"Siguiendo el método de tráfico vial, no es necesario cruzar bici",No está permitido en absoluto el recorrido en paralelo de bicicletas normales,"Mientras sea una acera, puede ir paralela a cualquier generación.","Incluso si las señales de tráfico lo permiten, solo dos bicicletas normales pueden circular una al lado de la otra",4,No entres en pasos de paso donde la barrera esté descendiendo o empieza a descender. Lo mismo ocurre con las bicicletas.,Artículo 72 de la Ley de Tráfico Vial
Frenos,初級,¿Cuál de las siguientes afirmaciones sobre bicicletas con frenos deficientes es correcta?,Solo está prohibido el descenso,No conduzcas una bicicleta con sistemas de frenos defectuosos.,"Si vas en la acera, no importa.","Mientras un freno funcione, no pasa nada.",2,"Según el artículo 63-7, en los cruces donde exista un equipo de cruce en bicicleta, el equipo está obligado a proceder con ese cruce",Cinco normas para el uso seguro de bicicletas | Agencia Nacional de Policía
Reglas básicas,上級,¿Cuál de las siguientes afirmaciones sobre bicicletas con frenos deficientes es correcta?,"Si hay acera, puedes avanzar sin frenar","En intersecciones con poca visibilidad, avanza despacio y presta atención a los vehículos y peatones que pasan por la intersección","Aunque la visibilidad sea mala, mientras sea una carretera prioritaria, no es necesario como norma.",No se requiere que las bicicletas reduzcan la velocidad; esto solo se aplica a los automóviles,2,"Según los artículos 19 y 63-5 de la Ley de Tránsito Vial, la conducción en paralelo está prohibida salvo cuando esté permitida por señales de tráfico, y aunque esté permitida, hay un límite de dos vehículos.",Artículo 20 de la Ley de Tráfico Vial
acto peligroso,上級,"¿Cuál de las siguientes opciones es apropiada respecto al cruce y giro de vehículos, incluidas las bicicletas, según el artículo 25-2 de la Ley de Tráfico Vial?","Si existe el riesgo de interferir con el tráfico normal para peatones u otros vehículos, está prohibido cruzar, girar o cambiar de vehículo",La prohibición de cruzar solo se aplica a automóviles.,Los vehículos pueden cruzar y dar la vuelta libremente siempre que tengan en cuenta el tráfico,No se requiere que las bicicletas reduzcan la velocidad; esto solo se aplica a los automóviles,1,"El artículo 25-2 estipula que si existe el riesgo de interferir con el tráfico normal de peatones u otros vehículos, está prohibido cruzar, girar o dar marcha atrás",Notificación al Departamento de Policía Metropolitana　
Reglas básicas,初級,¿Cuál es el enfoque más adecuado para la seguridad en bicicleta?,Puedes aceptar el accidente como mala suerte.,"No se requiere licencia, así que aunque las incumplas, la responsabilidad es mínima.",Entiende las normas para vehículos ligeros y úsalas con conciencia de las responsabilidades y riesgos del vehículo,"Puedes sentir lo mismo que los peatones, y no tienes que preocuparte por las reglas detalladas.",3,"Las bicicletas, al ser vehículos ligeros, conllevan muchas obligaciones y responsabilidades legales. Comprender las normas y la conciencia sobre la seguridad son requisitos previos para la prevención de accidentes.","Puntos a tener en cuenta respecto a la aplicación de la ley contra usuarios de bicicletas que usan auriculares o dispositivos similares: No juzguemos por si se oye uno o ambos oídos, sino por si el sonido o la voz necesarios para una conducción segura no se oyen."
Intersecciones y cruces,上級,¿Cuál es la posición correcta para las bicicletas al circular por la carretera?,Circula libremente por el lado derecho de la carretera,Pasando por el centro de la carretera,"Si hay acera, no hay restricciones en la carretera.",Tráfico en el lado izquierdo de la carretera,4,"Las bicicletas suelen circular por el lado izquierdo de la carretera, y circular en sentido contrario es peligroso y puede provocar fácilmente accidentes graves",Ley de Tráfico Vial
Operación Paraguas,上級,¿Cuál es la forma más adecuada de organizar la conducción con una sola mano?,No está legalmente prohibido conducir con una sola mano,La conducción con una sola mano está prohibida solo para niños,La conducción inestable con una sola mano puede conllevar infracciones de las obligaciones de conducir seguro y condiciones similares.,Conducir con una mano siempre está bien a menos que uses paraguas.,3,"No limitado al titular del paraguas, la conducción inestable con una sola mano puede dar lugar a evaluaciones como infracciones de obligaciones de conducir seguro, y dado que no solo se puede observar la apariencia sino también el patrón de conducción, existe un elemento de juicio individual",Artículo 36 de la Ley de Tráfico Vial
Reglas básicas,初級,¿Cuál de las siguientes es la obligación más adecuada para las bicicletas normales al circular por las aceras?,"Al usar las aceras, las bicicletas deben ser siempre empujadas mientras caminas",Puedes circular a gran velocidad cerca del centro de la acera.,Las bicicletas tienen prioridad sobre los peatones.,"Reduce la velocidad desde el centro de la acera hacia la carretera, y si obstruye el paso peatonal, debes detenerte brevemente",4,"Al utilizar aceras, las bicicletas normales deben reducir la velocidad desde el centro de la acera hacia la calzada (si hay una sección designada para bicicletas normales), y si obstruye a los peatones, deben parar brevemente.",Portal de Bicicletas de la Agencia Nacional de Policía
Formación de conductores de bicicleta,上級,¿Cuál de las siguientes es la obligación más adecuada para las bicicletas normales al circular por las aceras?,Los puntos se suman según tu licencia,No hay penalizaciones particulares,Termina con un billete azul de 3.000 yenes,Son posibles multas de hasta 50.000 yenes.,4,El incumplimiento de las instrucciones de entrenamiento para ciclistas conlleva una multa de hasta 50.000 yenes,Policía de la Prefectura de Osaka y Relaciones Públicas Gubernamentales en Línea: Gestión durante la Suspensión
Reglas básicas,上級,¿Cuál de los siguientes es el concepto básico más adecuado bajo la Ley de Tráfico Vial para el uso de bicicletas en las aceras?,No hay normativas sobre el paso por las aceras,"Si te sientes peligroso, siempre es obligatorio usar la acera.","El tráfico en acera es el principio, siendo la excepción el tráfico en la carretera","El paso por la sala de té es la regla general, y el paso en la acera solo está permitido cuando se cumplen condiciones como señalización, señalización o para niños",4,"Las bicicletas son originalmente vehículos ligeros y generalmente están pensadas para circular por carreteras, y el uso de las aceras se limita al tráfico señalado por semáforos o que cumplan requisitos específicos",Portal de Bicicletas del Departamento de Policía Metropolitana
Exceso de velocidad,上級,¿Cuál de las siguientes afirmaciones sobre la velocidad de la bicicleta es correcta?,No hay normativas sobre el paso por las aceras,Las infracciones de velocidad son un sistema exclusivo para ciclomotores,Incluso los vehículos ligeros cometen infracciones por exceso de velocidad,No existe el concepto de exceso de velocidad en bicicleta.,3,"La lista de infracciones también incluye tipos de exceso de velocidad para vehículos ligeros, y la cantidad de la sanción se indica según el límite de velocidad",Preguntas frecuentes y lista de faltas del Departamento de Policía Metropolitana y entrada en el paso a nivel de barreras
Restricciones de la atracción,初級,¿Cuáles de los siguientes son los principios correctos respecto a montar en bicicleta en dos?,Siempre reconocido,Siempre permitido en las aceras,Prohibido solo por la noche,Generalmente prohibido,4,"Según la explicación de la normativa de tráfico del Departamento de Policía Metropolitana, generalmente está prohibido montar en bicicleta en dos bicicletas.",Ley de Tráfico Vial
Ciclomotor con pedales,初級,¿Cuál de las siguientes afirmaciones sobre vehículos con pedales es correcta?,"Si el sistema tiene acelerador o no cumple con los estándares de asistencia eléctrica, puede clasificarse como ciclomotor, etc., en lugar de bicicleta.",No todos los vehículos con pedales requieren carné,"Si tiene pedales, no hace falta matrícula.","Si tiene pedales, definitivamente es una bicicleta.",1,"El Departamento de Policía Metropolitana ha informado de que, incluso si hay pedales presentes, aquellos con acelerador o que no cumplan los estándares de asistencia eléctrica pueden clasificarse como bicicletas motorizadas o automóviles, no como bicicletas.",Artículo 63-7 de la Ley de Tráfico Vial
acto peligroso,上級,¿Cuál de las siguientes opciones se alinea con la intención del Artículo 54 de la Ley de Tráfico Circulante respecto al uso de alarmas para bicicletas?,Designado como plaza de aparcamiento para bicicletas,Las normativas relativas al uso de dispositivos de alarma solo se aplican a los automóviles,"Los sonidos se emiten cuando se señalan con señales en lugares con mala visibilidad a la izquierda o derecha, o cuando es inevitable evitar el peligro",El uso de alarmas acústicas está completamente prohibido en zonas urbanas,3,"El artículo 54 de la Ley de Tráfico Vial prohíbe el uso de una alarma sonora cuando se designan señales cerca de intersecciones con mala visibilidad, o cuando es inevitable para evitar peligros, y otros usos innecesarios están prohibidos",Cinco normas para el uso seguro de bicicletas | Departamento de Policía Metropolitana de Tokio
Reglas básicas,上級,¿Qué ley considera una discapacidad física que dificulta circular con seguridad por la carretera en coche ordinario una discapacidad que aparece en el apéndice de qué ley?,Ley de Bienestar para Personas con Discapacidades Físicas,Ley de Vehículos de Transporte por Carretera,Por promover el uso de bicicletas,El uso de alarmas acústicas está completamente prohibido en zonas urbanas,1,El artículo 9-2-3 aplica mutatis mutandis a las discapacidades enumeradas en el Apéndice de la Ley de Bienestar de las Personas con Discapacidades Físicas,Artículo 19 y 63-5 de la Ley de Tráfico Circulatorio
acto peligroso,上級,"En cuanto al aparcamiento para bicicletas, ¿qué lugares se consideran ""prohibidos aparcar o detenerse"" según la Ley de Tráfico?",Designado como plaza de aparcamiento para bicicletas,Centro de la carretera,Cualquier lugar en las aceras donde no se permitan las bicicletas,Pasos de peatones y las zonas a cierta distancia antes y después de ellas,4,"Aparcar y parar son zonas prohibidas cerca de pasos de peatones e intersecciones, y las bicicletas, al igual que otros vehículos, no pueden aparcar en ciertas zonas",Portal de Bicicletas del Departamento de Policía Metropolitana
Uso de auriculares,初級,¿Qué combinación de tipos de infracción y multas es la más adecuada para conducir cuando no se pueden oír los sonidos ambientales con los auriculares?,Sin iluminación / 5.000 yenes,Evasión de semáforo / 6.000 yenes,Violación del cumplimiento de la Comisión de Seguridad Pública / 5.000 yenes,"Uso de móvil, etc. (retención) / 12.000 yenes",3,"Las normativas sobre auriculares derivan de las normativas de la Comisión de Seguridad Pública de la prefectura y se clasifican como infracciones de los elementos de cumplimiento de la Comisión de Seguridad Pública en la lista de actos ilícitos. Debido a que existen diferencias de estatus y de redacción de las normas, la verificación individual es necesaria en la práctica.",Normas de tráfico en bicicleta del Departamento de Policía Metropolitana Conducción en bicicleta con sistema de frenos defectuoso
Reglas básicas,上級,¿Qué método es más adecuado para que las bicicletas crucen en intersecciones sin carriles para bicicletas?,Es obligatorio ir en bicicleta por los pasos de peatones,"En los cruces, los vehículos cruzan mientras van rectos o giran a la derecha según el método de tráfico vehicular",Puedes cruzar en diagonal desde cualquier ubicación,Debes bajarte de la bicicleta y cruzar como peatón.,2,"Si no hay zona de cruce para bicicletas, las bicicletas cruzarán como vehículos siguiendo los principios del tráfico de intersección",Cinco normas para el uso seguro de bicicletas | Agencia Nacional de Policía
Sanciones y responsabilidades,上級,¿Qué método es más adecuado para que las bicicletas crucen en intersecciones sin carriles para bicicletas?,"Incluso en accidentes de bicicleta, se pueden ordenar órdenes de compensación elevadas basándose en responsabilidad civil","El concesionario de bicicletas es responsable, y el conductor no es responsible","Todos los accidentes de bicicleta están cubiertos por el seguro médico, por lo que no hay problema de compensación","Dado que las bicicletas son vehículos ligeros, no hay responsabilidad por daños incluso si se produce un accidente por lesiones personales",1,"Existen numerosos precedentes que ordenan daños elevados incluso en accidentes de bicicleta, basados en el artículo 709 del Código Civil y otras disposiciones",Artículos 36 y 42 de la Ley de Tráfico Vial
Reglas básicas,初級,"Cuando cruzas un paso de peatones en bicicleta, ¿qué semáforos deberías seguir?",Siempre solo en semáforos peatonales,"Si hay una señal peatonal marcada como 'Solo peatones y bicicletas', esa señal",Siempre solo en señales de vehículos,Cualquiera de los dos colores está bien siempre que sea azul.,2,"Si existen señales exclusivas para peatones y bicicletas, las bicicletas deben cumplir con esas señales.",Cinco normas para el uso seguro de bicicletas | Agencia Nacional de Policía
Reglas básicas,初級,¿En qué categoría especifica el Artículo 2 de la Ley de Tráfico Vial en la que entran las bicicletas?,peatón,Sin clasificación,Automóvil,Vehículos ligeros,4,"El artículo 2 de la Ley de Tráfico Vial define las bicicletas como ""vehículos ligeros"". Por lo tanto, las normas de tráfico se aplican a las bicicletas como vehículos ligeros.",Artículo 25-2 de la Ley de Tráfico Vial
Reglas básicas,上級,¿Qué método de conducir en bicicleta se ajusta mejor a la obligación de conducir con seguridad al entrar en la carretera desde una acera?,"Si el semáforo del vehículo está en verde, no se requieren controles de seguridad","En lugar de controlar el tráfico en la carretera, solo la presencia de un paso de peatones",Entrar en la calzada a la misma velocidad que en la acera,Para o reduce la velocidad y revisa a fondo los movimientos de vehículos y peatones antes de entrar,4,"Al entrar en el carril de 4 carriles, se requieren revisiones de seguridad exhaustivas para evitar el contacto con otros vehículos y peatones.",Reglamentos de Aplicación de la Ley de Tráfico Vial
Exceso de velocidad,上級,"En cuanto a la exceso de velocidad por parte de vehículos ligeros, ¿cuál es la multa por ir a menos de 15 km/h?",5.000 yenes,"6,000円",7.000 yenes,10.000 yenes,2,"Según la lista de infracciones de la Agencia Nacional de Policía, el exceso de velocidad con un vehículo ligero cuesta 6.000 yenes por exceso de velocidad inferior a 15 km/h",Ley de Tráfico Vial y Leyes Relacionadas con la Bicicleta - Sowa
pausa,上級,¿Cuál de las siguientes es la penalización correcta por no parar en lugares designados para bicicletas?,5.000 yenes,6.000 yenes,7.001 yenes,12.000 yenes,1,"Según la lista de actos ilegales de la Agencia Nacional de Policía, la sanción por un vehículo ligero en un lugar designado para inactividad temporal es de 5.000 yenes",Portal de Bicicletas de la Agencia Nacional de Policía
Sistema de Billetes Verdes,上級,¿Cuál es el ejemplo más adecuado de un procedimiento penal gestionado en lugar de un ticket azul?,Campanas sin usar,6.000 yenes,Falta menor de luces,Infracciones graves como estar bajo los efectos de los efectos del alcohol o conducir bajo los efectos del alcohol,4,"La explicación del sistema explica que en casos de infracciones graves como intoxicación o intoxicación, o en caso de accidente, la persona con la multa roja tiene más probabilidades de caer en el proceso penal.",Normas de tráfico ciclista de la Agencia Nacional de Policía: Circular por el lado izquierdo
acto peligroso,上級,¿Cuál de las siguientes explicaciones generales es adecuada sobre la responsabilidad legal en accidentes de bicicleta?,"Si causas daños a otros, la negligencia puede conllevar una alta responsabilidad por los daños.",No hay seguro para bicicletas.,"En los accidentes de bicicleta, el autor no es responsable de compensación.",La responsabilidad solo surge en caso de accidente que involucre a un peatón.,1,"En los accidentes de bicicleta, los casos con secuelas graves pueden conllevar una responsabilidad de decenas de millones de yenes, por lo que se recomienda encarecidamente contratar un seguro para bicicletas",Portal de Bicicletas de la Agencia Nacional de Policía
Reglas básicas,上級,"¿Cuál es la explicación más adecuada para las condiciones que califican como ""bicicletas estándar"" según la Ley de Tráfico Vial?",Bicicletas motorizadas que circulan únicamente por un vehículo motorizado,"Mientras tenga pedales, todas las bicicletas son de serie independientemente de la talla.",Bicicletas cuyo tamaño y estructura corporal cumplen con los estándares y no remolcan otros vehículos,Todas las bicicletas con tres ruedas o más son bicicletas estándar.,3,Una bicicleta normal se define como aquella cuyo tamaño corporal y estructura cumplen con los estándares establecidos por las ordenanzas de la Oficina del Gabinete y que no remolcan otros vehículos.,Cinco normas para el uso seguro de bicicletas | Agencia Nacional de Policía
señal,上級,¿Cuál es la explicación más adecuada respecto a los semáforos que deben respetar las bicicletas?,Obedece siempre solo las señales peatonales.,Las bicicletas no están sujetas a restricciones de tráfico.,Sigue los semáforos que encuentres según el método por el que viajes.,Obedece siempre solo las señales del vehículo.,3,"Según la explicación de la Agencia Nacional de Policía, se recomienda seguir las señales que se acercan, como obedecer las señales de vehículos al circular por la carretera y las señales peatonales al cruzar aceras, según la situación","Artículo 2, Artículo 63-3 de la Ley de Tráfico Viario, Reglamento de Aplicación Artículo 9-2"
Sistema de Billetes Verdes,上級,¿Cuál de las siguientes afirmaciones es correcta por no pagar la multa penalizante con una multa de bicicleta azul?,Obedece siempre solo las señales peatonales.,Arresto inmediato garantizado,Desactivar automáticamente,"Si el pago sigue sin realizarse tras completar los trámites en el centro de notificación, puede proceder a procedimientos penales.",4,"Si no realizas un pago preliminar, tendrás que pasar por procedimientos en el centro de notificación y, si no pagas más, puede que se inicie un proceso penal",Portal de Bicicletas de la Agencia Nacional de Policía
Reglas básicas,上級,"¿Cuál es la forma más adecuada para que las bicicletas pasen entre bicicletas y peatones con carteles que digan ""Solo para bicicletas y peatones""?","Las bicicletas tienen prioridad sobre los peatones, así que no hay restricciones de velocidad y puedes desplazarte",No existen regulaciones bajo la Ley de Tráfico Vial y es de libre acceso.,Siempre tienes que bajarte de la bici y empujar mientras caminas,Viajar a una velocidad y de manera que no obstruya el paso peatonal,4,"Se permiten bicicletas en los caminos para peatones ciclistas, pero deben circular a una velocidad y de manera que no obstaculize a los peatones.",Agencia Nacional de Policía: Normas de tráfico ciclista: Respetar los semáforos a la izquierda y los semáforos que vienen en sentido contrario
acto peligroso,上級,¿Cuál de las siguientes explicaciones es correcta respecto a la conducción bajo los efectos del alcohol en bicicleta según el Artículo 65 de la Ley de Tráfico?,Está prohibido conducir vehículos (incluidas bicicletas) bajo los efectos del alcohol,Solo quienes suministran alcohol están sujetos a castigo; los conductores no son castigados,"Aunque estés bajo los efectos del alcohol, mientras no te tambalees, está bien.",Las bicicletas no son vehículos ni están sujetas a la normativa de conducción bajo los efectos del alcohol.,1,"El artículo 65 de la Ley de Tráfico Vial prohíbe conducir vehículos bajo la influencia del alcohol, y las bicicletas están incluidas en esta categoría",Portal de Bicicletas de la Agencia Nacional de Policía
Reglas básicas,上級,¿Cuál es la forma más adecuada para que las bicicletas circulen por caminos peatonales con señales dedicadas a bicicletas y peatones?,Siempre tienes que bajarte de la bici y empujar mientras caminas,No hay restricciones bajo la Ley de Tráfico Vial y el tráfico es de libre acceso,"Las bicicletas tienen prioridad sobre los peatones, así que puedes desplazarte sin restricciones de velocidad",Viajar a una velocidad y de manera que no obstruya el paso peatonal,4,"Las bicicletas están permitidas en los caminos peatonales entre bicicletas, pero deben circular a velocidades y de formas que no obstruyan el paso peatonal",Procedimientos del portal de bicicletas de la Agencia Nacional de Policía para tasas impagadas
Paso lateral,上級,¿Cuál de los siguientes es el tratamiento correcto respecto a la regla de adelantamiento en paralelo respecto a 'aproximadamente 1 metro' y 'unos 20~30 km/h'?,Normas aplicables únicamente a bicicletas,Normas para Exclusividad de Autopistas,Normas absolutas explícitamente establecidas como tierra fija en la ley,Esto es solo una guía y se evaluará según la situación específica.,4,"Según los materiales de la Agencia Nacional de Policía, las distancias de aproximadamente 1 metro o 20~30 km/h son solo aproximadas y deben evaluarse en función de las condiciones de la carretera y del tráfico",Ley de Tráfico Vial
acto peligroso,上級,"Basándonos en el artículo 63-9 de la Ley de Tráfico Vial y el artículo 9-3 del Reglamento de Aplicación, ¿cuáles de los siguientes son los estándares apropiados respecto a los dispositivos de frenado de bicicletas?","En bicicletas de competición, ni siquiera se requieren frenos para moverse","Mientras puedas frenar con las ruedas delantera o trasera, eso está bien",Debe ser capaz de frenar tanto las ruedas delanteras como traseras y frenar suavemente dentro de una determinada distancia,"Si puedes parar frotando el suelo con el pie, no necesitas frenar",3,"Las bicicletas están equipadas con dispositivos que pueden frenar tanto las ruedas delanteras como traseras, y deben tener la capacidad de frenar suavemente dentro de una distancia especificada",Artículos 2 y 63-4 de la Ley de Tráfico Vial
Casco,初級,¿Cuál de las siguientes es la clasificación legal correcta para los cascos de bicicleta?,El uso es obligatorio; los artículos no utilizados son elegibles para el Billete Azul.,Es voluntario y no se menciona legalmente en absoluto,"Es una obligación de esforzarse, y no hay ningún tipo de penalización por no usar las penalizaciones en sí",Suspensión del carné si no se lleva,3,Los cascos de bicicleta son una obligación para esforzarse. No existe un tipo de sanción por infracciones únicamente por no llevar los artículos.,Cinco normas para el uso seguro de bicicletas | Agencia Nacional de Policía
Ciclomotores pequeños especificados,初級,¿Cuál de las siguientes opciones es la restricción de edad correcta para bicicletas con un comportamiento pequeño especificado?,15 años o más,13 años o más,No hay restricción de edad.,No hay niños menores de 16 años,4,"Las bicicletas pequeñas y motorizadas especificadas no requieren licencia, pero está prohibido conducirlas menores de 16 años.",Artículo 65 de la Ley de Tráfico Vial
Reglas básicas,上級,¿Cuál de las siguientes probablemente cumple con todos los estándares para bicicletas estándar según las normativas de aplicación?,"Longitud 180cm, ancho 65cm, sin motocicleta, sin sidecar, solo asientos para conductor y bebés","Longitud 185cm, ancho 55cm, sin motocicletas ni sidecars, solo asientos para conductor y niños, frenos delanteros y traseros","Longitud 195 cm, ancho 55 cm, vehículo de tres ruedas, sin sidecar; el equipo de embarque consiste en asiento del conductor y asientos traseros","Longitud 185cm, ancho 55cm, ruedas olímpicas, sin sidecar, solo asiento del conductor",2,"Solo el número 2 cumple naturalmente condiciones como longitud, ancho, número de ruedas (hasta cuatro ruedas), equipamiento de la tracción (excepto los asientos infantiles) y sistemas de frenos",Ley de Tráfico Vial
Sanciones y responsabilidades,初級,¿Cuál es la explicación más adecuada respecto a la responsabilidad de los padres respecto al uso del casco cuando los niños o bebés van en bicicleta?,"Las escuelas, no los padres, son responsables.",Los tutores están obligados a hacer esfuerzos para que los niños y otras personas lleven casco de montar,"Los tutores deben llevar siempre casco, y las infracciones conllevarán un castigo inmediato","Si llevarlo o no depende totalmente de ti, y no hay estatus legal",2,"Según el artículo 63-11 de la Ley de Tráfico Vial, se considera un ""deber de hacer un esfuerzo"" para los tutores.",Artículos 2 y 63-4 de la Ley de Tráfico Vial
Diferencias en la normativa del uso de cascos,上級,¿Cuál es la explicación más adecuada respecto a la normativa del casco?,Las bicicletas deben llevar casco completo; ciertos ciclomotores pequeños no son obligatorios,Los vehículos que se parecen a bicicletas tienen todos las mismas normativas sobre cascos,"Las bicicletas, ciclomotores pequeños específicos y ciclomotores generales tienen clasificaciones legales diferentes, y las normativas sobre cascos no son las mismas","Si llevarlo o no depende totalmente de ti, y no hay estatus legal",3,"Las bicicletas, las bicicletas pequeñas motorizadas específicas y los ciclomotores generales tienen clasificaciones legales diferentes, y aunque se parezcan similares, es incorrecto considerar uniformemente las regulaciones del uso de cascos",Portal de Bicicletas de la Agencia Nacional de Policía
Política de Aplicación,上級,"En cuanto a los casos en los que ""simplemente usé el tráfico en la acera"", ¿qué explicación se alinea con las preguntas frecuentes de la Agencia Nacional de Policía?","En principio, están sujetos a advertencias de orientación.",no violar,Definitivamente será una multa roja,"En principio, es un billete azul instantáneo",1,"Según las preguntas frecuentes de la Agencia Nacional de Policía, simplemente caminar por una acera está, en principio, sujeto a una advertencia directiva",Materiales de explicación de pasajes laterales de la Agencia Nacional de Policía: Directrices para métodos de paso
acto peligroso,初級,"En carreteras donde las señales de tráfico y regulaciones similares permiten la conducción en paralelo de bicicletas normales, ¿qué número de vehículos es correcto para el viaje en paralelo?",Hasta 2 coches,Sin restricciones,Hasta 3 vehículos,Solo un coche,1,"Según el artículo 63-5, incluso si se permite circular en paralelo en señales u otros medios, solo pueden circular en paralelo dos bicicletas normales.",Cinco normas para el uso seguro de bicicletas | Agencia Nacional de Policía
Aparcamiento,上級,¿Cuál de las siguientes afirmaciones sobre el aparcamiento y el parar para bicicletas es correcta?,"Si tienes bicicleta, puedes aparcar libremente cerca del paso de peatones.","Incluso los vehículos ligeros, incluidas las bicicletas, presentan tipos de infracciones de aparcamiento y de aparcamiento abandonado",El aparcamiento siempre es gratuito en las aceras,No existe el concepto de infracciones de aparcamiento o parada para bicicletas.,2,La lista de infracciones de la Agencia Nacional de Policía también incluye tipos de infracciones de aparcamiento y infracciones de aparcamiento abandonado para vehículos ligeros,Artículo 63-9 de la Ley de Tráfico Vial y Reglamento de Aplicación Artículo 9-3
acto peligroso,上級,¿Cuál de los siguientes es el enfoque adecuado bajo la Ley de Tráfico Vial al ir en bicicleta con varias personas?,"Si sois un grupo, no estáis sujetos a restricciones de tráfico.",Puedes avanzar en paralelo con cualquier número de vehículos sin señales.,"En principio, la conducción en paralelo está prohibida y, aunque se permita por señalización, se permiten hasta dos vehículos",Solo los automóviles están sujetos a prohibiciones de conducción paralela,3,"Generalmente está prohibido que las bicicletas circulen en paralelo y, aunque se conceda un permiso especial mediante señalización, se permiten hasta dos bicicletas",Portal de Bicicletas del Departamento de Policía Metropolitana
Reglas básicas,上級,"Cuando una bicicleta intenta cruzar una carretera, ¿cuál es la forma correcta de adelantar cerca de una zona de cruce de bicicletas?","Cerca de un carril de cruce bici, debes cruzar la carretera usando ese paso de bici",Debes cruzar el paso peatonal mientras vas en bicicleta,Conducir con una mano no tiene relación con la obligación de conducir con seguridad,"Al cruzar, siempre debes bajarte de la bici y empujar mientras caminas",1,"Según el artículo 63-6 de la Ley de Tráfico, cuando una bicicleta cruza una carretera, debe utilizar el carril de cruce de bicicletas cerca de un lugar",Artículo 63-11 de la Ley de Tráfico Vial
Operación Paraguas,上級,¿Cuál es la forma más adecuada de manejar la operación de umbrella?,Uniforme nacional y siempre legalmente legal,"En muchas regiones, puede considerarse una violación de las normativas de la Comisión de Seguridad Pública, por lo que generalmente debe evitarse",Conducir con una mano no tiene relación con la obligación de conducir con seguridad,Automáticamente legal en días de lluvia,2,"Ir con paraguas puede considerarse una infracción de las normativas de la Comisión de Seguridad Pública en muchas regiones y puede considerarse una infracción de las obligaciones de conducción segura. Debido a las diferencias regionales, es más seguro organizar cuestionarios con ""generalmente se deben evitar"".",Portal de Bicicletas del Departamento de Policía Metropolitana
acto peligroso,上級,¿Cuál de las siguientes afirmaciones es apropiada respecto a los cambios en las rutas ciclistas según el Artículo 26-2 de la Ley de Tráfico Vial?,"Si la velocidad o dirección del vehículo que va detrás no se ve afectada, también se permite un cambio de carril repentino",Las normativas sobre cambios de carril no se aplican a las bicicletas.,"Si existe el riesgo de que los vehículos de detrás cambien bruscamente de velocidad o dirección, no se deben hacer cambios de carril",Eres libre de cambiar tu trayectoria profesional en cualquier momento,3,"El artículo 26-2 de la Ley de Tráfico Vial prohíbe que los vehículos cambien de carril de forma arbitraria, y si existe el riesgo de que los vehículos que van detrás cambien de velocidad o dirección bruscamente, se prohíben los cambios de carril, lo que también se aplica a las bicicletas",Normas de tráfico y restricciones de edad del Departamento de Policía Metropolitana para bicicletas pequeñas motorizadas específicas
Reglas básicas,上級,"En carreteras con carriles para vehículos, ¿cuál es la posición más adecuada para que las bicicletas pasen?",Pasando por el carril de vehículos más a la derecha.,"Puedes elegir libremente cualquier carril disponible, independientemente de los carriles para vehículos.",Los vehículos deben pasar por el carril izquierdo y luego por el lado izquierdo de ese carril,Puedes moverte libremente entre aceras y carreteras.,3,"Incluso cuando hay un carril para vehículos, las bicicletas suelen usar el carril izquierdo y, por regla general, circulan por la parte izquierda de ese carril",Reglamentos de Aplicación de la Ley de Tráfico Vial
Ciclomotores pequeños especificados,上級,¿Cuál de las siguientes opciones es correcta respecto a ciertas bicicletas pequeñas de motor?,Se requiere matrícula obligatoria y inscripción en el seguro de responsabilidad civil de automóvil,"Dedicado a la conducción por acera, sin necesidad de seguro",No se requieren matrículas como en bicicletas,Incluso los menores de 16 años pueden conducir siempre que tengan matrícula.,1,"Una bicicleta pequeña motorizada específica no es una bicicleta, sino un tipo de ciclomotor, y requiere matrícula y seguro obligatorio de responsabilidad civil para automóviles",Reglamento de Aplicación de la Ley de Tráfico Vial Artículo 9-2-2
Reglas básicas,上級,¿Cuál de las siguientes formas de pensar sobre las señales relacionadas con cambiar el carril bici o girar a la derecha o a la izquierda que se alinee con la intención del Artículo 53 de la Ley de Tráfico?,"Si hay un impacto en el tráfico circundante, da una señal con antelación y deja tiempo suficiente para cambiar de carril o girar a la derecha o a la izquierda",No se deben dar señales en las aceras.,No se requiere que las bicicletas señalicen,"Si aceleras y giras bruscamente, no necesitas señal.",1,Las señales son un medio importante de comunicación para evitar que otros vehículos pongan en peligro vehículos al cambiar de carril o girar a la derecha o a la izquierda,Reglamentos de Aplicación de la Ley de Tráfico Vial
Conducir bajo los efectos del alcohol,上級,¿Cuál de los siguientes criterios es correcto para la exposición al alcohol según se explica en los materiales?,"Respirar 0,05 mg/L o sangre 0,1 mg/ml","Respira 0,15mg/L o sangre 0,3mg/ml","Respirar 0,3 mg/L o sangre 0,15 mg/ml",No existe un estándar numérico claro.,2,"Los datos indican que los criterios para la intoxicación alcohólica son 0,15 mg/L en el aliento o 0,3 mg/ml en sangre",Artículo 63-11 de la Ley de Tráfico Vial
acto peligroso,上級,"Al permitir que los bebés vayan en bicicleta, ¿cuál de las siguientes opciones se alinea mejor con la intención de la Ley de Tráfico Vial y las normas relacionadas?","Legalmente, no hay restricciones sobre los dojos para niños pequeños","Aunque lo pongas en la caja de carga, está bien para distancias cortas.",Cualquier bicicleta puede ser llevada por un adulto,"Permitir que los pasajeros circulen de manera que cumpla con los estándares, como cuando se instala una silla infantil en la bicicleta.",4,"Utilizar dispositivos que cumplan con las normas, como bicicletas para bebés o sillas para niños, es un requisito fundamental para garantizar la seguridad",Portal de Bicicletas de la Agencia Nacional de Policía
acto peligroso,上級,¿Cuál de los siguientes se acerca más a los criterios establecidos para la discapacidad auditiva?,Escucha 60 db a una distancia de 5 metros,Se puede oír una alarma de 90 dB a una distancia de 10 m.,Escucha 40 db a una distancia de 20 m,No existen estándares específicos para la distancia o la sonoridad,2,El artículo 9-7-2 estipula que la discapacidad auditiva requiere escuchar el sonido de una alarma de 90 dB a una distancia de 10 metros,Materiales de la Agencia Nacional de Policía: Diferencias entre bicicletas y ciclomotores pequeños específicos
Reglas básicas,上級,"En intersecciones con semáforos exclusivos para peatones y bicicletas y carriles de cruce para bicicletas, ¿cuál de los siguientes es el indicador correcto que deben seguir las bicicletas al cruzar?",Semáforos peatonales y ciclistas,Solo señales de vehículos,No hay reglas particulares.,Semáforo solo peatonal,1,"Según el artículo 7 de la Ley de Tráfico Vial y el artículo 2 de la Orden de Ejecución, es necesario seguir la visualización de semáforos fuera de la prefectura",Portal de Bicicletas de la Agencia Nacional de Policía
Reglas básicas,上級,¿Cuál de las siguientes opciones es la posición de paso más adecuada según la Ley de Tráfico Vial cuando una bicicleta circula por una acera?,Cerca del borde del lado de las zapatillas de construcción,Acera Central,Sección más cercana a la carretera,No hay regulaciones específicas,3,"Al utilizar aceras, generalmente se requiere que los peatones usen los tramos más cercanos a la calzada para garantizar su seguridad",Ejemplos de advertencias de guía de preguntas frecuentes en el sitio de Bicycle Portal
Prohibición de tráfico,上級,¿Cuál de las siguientes es la forma correcta de manejar la entrada a carreteras con restricciones para bicicletas?,No se pueden usar bicicletas,Puede considerarse una infracción de la prohibición de tráfico,El autojuicio tiene prioridad sobre los signos,Puedes entrar incondicionalmente usando la acera.,2,"Si las bicicletas infringen la prohibición de tráfico restringido, puede considerarse una infracción de la prohibición de tráfico.",Artículo 63-5 de la Ley de Tráfico Vial
Reglas básicas,初級,¿Cuál de las siguientes opciones es la obligación para los ciclistas cerca de los pasos de peatones que mejor se alinea con la intención del Artículo 38 de la Sexta Notificación?,"Aunque haya peatones, simplemente reduce la velocidad",Los vehículos pueden avanzar con prioridad sobre los peatones.,Las bicicletas no tienen obligaciones especiales en los pasos de peatones.,"Cuando un peatón intente cruzar, toma medidas como paradas temporales para evitar obstruir su paso.",4,"El artículo 38 estipula prioridad peatonal en los pasos de peatones, y las bicicletas no deben obstruir el paso peatonal.",Disposiciones especiales cuando se permite el recorrido en paralelo de bicicletas normales
Sanciones y responsabilidades,上級,¿Cuál de las siguientes explicaciones es la más adecuada sobre el sistema de formación de conductores en bicicleta?,"Si se repiten ciertos comportamientos peligrosos, puede que te ordenen realizar entrenamiento de ciclismo","No existe un sistema de formación para bicicletas, y por muchas infracciones que tengas, no se te permitirá asistir a la formación",La formación es una cuestión de esperanza y no tiene nada que ver con violaciones.,"Si no realizas el curso, tu licencia de ciclismo será revocada de forma uniforme.",1,"Según el artículo 108-3-4 de la Ley de Tráfico Vial, repetir actos designados como peligrosos resultará en una orden de instrucción",Portal de Bicicletas de la Agencia Nacional de Policía
Uso de auriculares,上級,¿Cuál es la explicación más adecuada respecto al manejo de la conducción ósea y los auriculares abiertos?,Las violaciones de conducción ósea y de oído abierto están siempre prohibidas.,La conducción ósea siempre es legal,La formación es una cuestión de esperanza y no tiene nada que ver con violaciones.,No se requieren luces al conducir por las aceras,4,"Según la directiva de la Agencia Nacional de Policía, los modelos de conducción ósea y de oído abierto no se juzgan uniformemente solo por la apariencia, sino individualmente por el rendimiento y el volumen, lo que los convierte en una zona gris",Lista de infracciones de la Agencia Nacional de Policía: Infracciones por aparcamiento abandonado / Infracciones de aparcamiento
Iluminación y luz,初級,¿Cuál de las siguientes afirmaciones sobre andar en bicicleta de noche es correcta?,Hay que encender las luces por la noche,"Si hay farola, puede quedarse sin luces","Si tienes material reflectante, no necesitas luz",No se requieren luces al conducir por las aceras,1,"Por la noche, las luces deben estar encendidas. No importa si hay farolas o si la acera está en la carretera.",Ley de Tráfico Vial
Sentido contrario y clasificación del tráfico,初級,¿Qué tipo de infracción es la más parecida a ir en bicicleta en sentido contrario?,Violación de los límites de tráfico,Entrada al paso a nivel de barrera,"Si tienes material reflectante, no necesitas luz",sin iluminación,1,"Conducir por el lado derecho de la carretera, comúnmente llamado conducción en sentido contrario, puede considerarse una infracción de límite de tráfico.",Artículos 19 y 63-5 de la Ley de Tráfico Vial
Ciclomotor con pedales,上級,"¿Cuál de las siguientes afirmaciones sobre productos llamados ""bicicletas de asistencia eléctrica"" que no cumplen con los estándares es correcta?","Clasificadas como bicicletas motorizadas generales, etc., y pueden requerir licencia, casco, matrícula, etc.",Siempre es posible conducir por las aceras,"Si tienes menos de 13 años, puedes conducir libremente.","Tratada como una bicicleta, sin necesidad de matrícula ni de matrícula",1,"Según los materiales de la Agencia Nacional de Policía, los productos que no cumplen con los estándares se clasifican como bicicletas motorizadas generales y pueden requerir licencia, casco, matrícula y otros artículos necesarios",Cinco normas para el uso seguro de bicicletas | Agencia Nacional de Policía
Mientras uso mi smartphone,初級,"¿Cuál de las siguientes es la sanción correcta por 'uso de móvil, etc. (posesión)' en una bicicleta?",12.000 yenes,5.000 yenes,6.000 yenes,15.000 yenes,1,"Según la lista de infracciones del Departamento de Policía Metropolitana, la multa por usar (o poseer) un teléfono móvil en un vehículo ligero es de 12.000 yenes.",Artículo 63-6 de la Ley de Tráfico Vial
correr lado a lado,初級,¿Cuál es la explicación correcta para la traducción en bicicleta?,Siempre reconocido,"Está prohibido el juego sucio, y existen excepciones solo cuando hay un cartel paralelo de permiso.",Siempre permitido solo en las aceras,Los niños siempre son reconocidos como niños.,2,"Generalmente está prohibido montar en bicicleta en paralelo. Excepcionalmente, esto solo está permitido cuando hay un signo traslacional.",Portal de Bicicletas de la Agencia Nacional de Policía
Sanciones y responsabilidades,上級,¿Cuál de las siguientes explicaciones es la más adecuada respecto a las tendencias recientes en el seguro de responsabilidad civil para bicicletas?,Cada vez más municipios están promoviendo la membresía y convirtiéndola en una obligación obligatoria o de esfuerzo.,La matrícula está limitada a estudiantes de secundaria y mayores.,Las ordenanzas que prohíben la membresía están aumentando.,No existe tal cosa como el seguro para bicicletas.,1,"Debido al aumento de casos de alta compensación, muchos gobiernos locales han hecho obligatorio o obligatorio el seguro de bicicletas mediante ordenanzas",Reglamentos de la Comisión de Seguridad Pública de la Prefectura / Ley de Tráfico Vial Artículo 70: Conducción paraguas
Sistema de Billetes Verdes,上級,¿Cuál de los siguientes es el ejemplo más adecuado de un aspecto de procedimiento penal que es más probable que se gestione en lugar de un ticket azul?,Cada vez más municipios están promoviendo la membresía y convirtiéndola en una obligación obligatoria o de esfuerzo.,Falta menor de luces,Problema de ajuste de altura del sillín,Campanas sin usar,1,"La explicación del sistema explica que cuando ocurre una infracción grave o un accidente, el conductor de la multa roja suele estar del lado de los procedimientos penales",Cinco normas para el uso seguro de bicicletas | Agencia Nacional de Policía
Reglas básicas,初級,¿Cuál de los siguientes métodos de mantenimiento e inspección se alinea con los principios de la Ley de Tráfico Vial?,Conducir con una máquina de juego o iluminación que no cumpla con los estándares puede violar el deber de conducir de forma segura,"Mientras mires las luces, no hay problema.",La inspección y el mantenimiento solo son necesarios para bicicletas comerciales.,"Aunque los frenos o luces necesarios no funcionen, aún puedes montar en bicicleta",1,"Mantener los frenos y las luces es esencial para una conducción segura, y un mantenimiento deficiente puede afectar la responsabilidad civil en caso de accidente.",Artículo 26-2 de la Ley de Tráfico Vial
Formación de conductores de bicicleta,初級,¿Cuáles de los siguientes requisitos están en línea con los conocidos requisitos para una orden de instrucción en bicicleta?,Solo los titulares de licencia son elegibles,Recibir un Ticket Azul una vez siempre activa un pedido,"Aunque incumplas una sola vez, siempre recibirás una orden.","Si te pillan por actos peligrosos dos o más veces en un plazo de tres años, podrías ser elegible.",4,"Según los materiales de divulgación, si te pillan más de dos veces en tres años por conducta peligrosa, podrías estar sujeto a una orden para asistir a la formación de conductores de bicicleta.",Ley de Tráfico Vial
Sistema de Billetes Verdes,初級,¿Cuál de los sistemas introducidos para bicicletas desde el 1 de abril de 2026 es correcto?,Sistema de Licencia de Bicicleta,Sistema de inspección de bicicletas,Sistema fiscal sobre bicicletas,Sistema de Notificación de Infracciones Legales (Ticket Verde),4,"Desde el 1 de abril de 2026, se ha introducido un sistema de notificación de infracciones de tráfico, conocido como 'Blue Ticket', para las bicicletas en determinadas infracciones de tráfico.",Artículo 20 de la Ley de Tráfico Vial
acto peligroso,初級,¿Cuál de las siguientes es la obligación correcta para que las bicicletas pasen por un paso a nivel según el Artículo 33 de la Ley de Tráfico Vial?,"Aunque la barrera de cruce empiece a cerrarse, puedes pasar rápidoｖ",Detente justo antes del cruce y continúa solo después de confirmar la seguridad,"En un paso a nivel, no tienes que parar si reduces la velocidad","Como las bicicletas son vehículos ligeros, no hay obligación de detenerse en el paso a nivel.",2,"Según el artículo 33 de la Ley de Tráfico Vial, los vehículos deben detenerse justo antes del paso imparable y continuar solo después de confirmar la seguridad.",Portal de Bicicletas de la Agencia Nacional de Policía
Gira a la derecha y a la izquierda,初級,¿Cuál es la forma más correcta de girar una bicicleta correctamente en principio?,"Giro brusco a la derecha, como un coche",No se permiten giros a la derecha,Gira a la derecha en la acera,Giro a la derecha en dos etapas,4,"En principio, una bicicleta gira a la derecha requiere dos etapas. Sigue las señales del vehículo y continúa por el borde exterior de la intersección.","Agencia Nacional de Policía: Normas de tráfico para bicicletas pequeñas motilizadas específicas, matrículas, etc."
Reglas básicas,初級,¿Cuál de los siguientes es correcto respecto al uso del casco para niños y niños pequeños en bicicleta según el Artículo 63-11 de la Ley de Tráfico?,Las normativas sobre el uso de casco solo se aplican a adultos,No está prohibido legalmente llevar casco,Niños y niños pequeños deben llevar casco.,Quienes son responsables de proteger a niños y niños pequeños deben esforzarse para que lleven casco de montar,4,El artículo 63-11 exige que quienes protegen a niños o bebés hagan esfuerzos por llevar casco de montar al montar en bicicleta (deber de esfuerzo),Ley de Tráfico Vial
Reglas básicas,初級,¿Cuáles son las condiciones más adecuadas para que una bicicleta normal circule por las aceras?,Siempre es bueno comprobar cuándo la carretera está congestionada y es difícil de notar.,"Siempre puedes circular por la acera en mal tiempo, como en días de lluvia o viento.","Si hay pocos peatones, puedes circular libremente por la acera.","Cuando se permite la señalización de tráfico, o cuando se considera peligroso que niños u otras personas circulen por la carretera, o cuando se cumplen las condiciones estipuladas por la ley.",4,"El artículo 63-4 estipula que el desplazamiento por acera puede permitirse bajo condiciones limitadas, como para permisos basados en señales de tráfico o para garantizar la seguridad de niños y otras personas.",Artículo 53 de la Ley de Tráfico Vial
Paso en la acera,初級,¿Cuáles de los siguientes son los principios básicos correctos respecto a la ubicación de los pasos en bicicleta?,"El tráfico en la carretera es la norma, el tráfico en las aceras es una excepción.",El acceso a las aceras es el principio; las carreteras son una excepción.,Puedes elegir libremente entre acera y entrada de vehículos,Solo se permiten carriles bici,1,"Las bicicletas son vehículos ligeros y, en principio, se utilizan en la carretera. El acceso a las aceras está limitado a excepciones, como cuando hay señales o señales similares.",Portal de Bicicletas de la Agencia Nacional de Policía
Cruce ferroviario,初級,¿Cuál de las siguientes es la penalización correcta para cruzar en bicicleta en un cruce con barrera?,9.000 yenes,7.000 yenes,5.000 yenes,6.000 yenes,2,"Según la lista de actos ilegales del Departamento de Policía Metropolitana, entrar en un vehículo ligero en una puerta de paso cuesta 7.000 yenes.",Manual de Reglas para Bicicletas: Normas para la Exposición al Alcohol
Reglas básicas,初級,"¿Cuál de las siguientes condiciones es la más adecuada para una ""bicicleta normal"" según la Ley de Tráfico Vial?",Bicicletas motorizadas impulsadas únicamente por motores eléctricos,"Independientemente del tamaño de la bicicleta, mientras tenga pedales, todas son bicicletas estándar.",Todas las bicicletas con tres ruedas o más son de rotación estándar,Bicicletas cuyo tamaño y estructura de carrocería cumplen con los estándares de las ordenanzas de la Oficina del Gabinete y no remolcan otros vehículos,4,Una bicicleta normal se define como aquella cuyo tamaño y estructura corporal cumplen con los estándares y que no remolcan otros vehículos.,Ley de Tráfico Vial
Reglas básicas,初級,"Según el Artículo 43 de la Ley de Tráfico Vial, ¿cuál de las siguientes opciones es el comportamiento correcto para las bicicletas en intersecciones con una señal de 'Stop'?","Si conduces despacio, no tienes que parar","Si viajas por la acera, no hace falta parar","Si no hay otros vehículos, puedes adelantar sin detenerte.","Detente brevemente antes de la línea de parada o justo antes de la intersección, confirma la seguridad antes de continuar.",4,"El artículo 43 de la Ley de Tráfico Vial estipula que en lugares con señales de 'Stop', los vehículos deben detenerse brevemente justo antes de la línea de stop y no obstaculizar el paso de los vehículos que pasan en las intersecciones.",Artículos 57 y 63-11 de la Ley de Tráfico Vial
acto peligroso,初級,¿Cuál es la forma correcta de que las bicicletas normales circulen por las aceras?,Conduciendo un poco más rápido cerca del centro de la acera,"Desde el centro de la acera hasta la calzada (si hay un tramo designado para bicicletas normales), reduce la velocidad y detente temporalmente si obstruye el paso peatonal","Las bicicletas obedecen las señales de vehículo como vehículos, y si hay señales solo para peatones o bicicletas, deben seguir esas señales",Haz sonar una campana para mantener alejados a los peatones al pasar,2,"Según el Artículo 63-4, al cruzar aceras, los conductores deben reducir la velocidad desde el centro de la acera hacia la calzada y detenerse temporalmente si obstruyen a los peatones.",Reglamentos de Aplicación de la Ley de Tráfico Vial
Reglas básicas,初級,¿Cuál de las siguientes es correcta respecto a la obediencia a los semáforos al pasar por cruces en bicicleta?,Las bicicletas no están obligadas a obedecer las señales de los semáforos.,Las bicicletas pueden circular incluso en semáforos en rojo cuando el tráfico es escaso.,"Las bicicletas obedecen las señales de vehículo como vehículos, y si hay señales solo para peatones o bicicletas, deben seguir esas señales","Las bicicletas se tratan como peatones, por lo que todos obedecen las señales peatonales.",3,"Las bicicletas están obligadas a obedecer los semáforos como vehículos, y si hay semáforos dedicados a peatones o bicicletas, deben seguir esos semáforos.",Cinco normas para el uso seguro de bicicletas | Departamento de Policía Metropolitana de Tokio
Reglas básicas,初級,¿Qué combinación de la luz reflejada de materiales reflectantes proporcionados a las bicicletas es correcta según la definición del Artículo 9-4 del Reglamento de Aplicación?,Las bicicletas no están obligadas a obedecer las señales de los semáforos.,Solo rojo,Naranja o rojo,Blanco o amarillo pálido,3,"Según la disposición, el color de la luz reflejada por equipos reflectantes debe ser ""naranja o rojo"".",Artículo 7 de la Ley de Tráfico Vial
señal,初級,¿Cuál de las siguientes es la penalización correcta por saltarse un semáforo en rojo en bicicleta?,5.000 yenes,7.000 yenes,12.000 yenes,6.000 yenes,4,"Según la lista de actos ilegales, poner una señal de bicicleta cuesta 6.000 yenes. Ignorar las señales intermitentes se organiza en 5.000 yenes.",Reglamentos de Aplicación de la Ley de Tráfico Vial
Reglas básicas,初級,¿Cuál de los siguientes es el estándar correcto para el tráfico ciclista según el Artículo 18 de la Ley de Tráfico Vial?,"Si hay acera, siempre puedes usarla.","Por lo general, viaja cerca del centro de la carretera","Por lo general, conduce por el borde izquierdo de la carretera","En principio, conduce por el borde derecho de la carretera",3,"Los vehículos ligeros, incluidas las bicicletas, suelen estar obligados a circular por el lado izquierdo de la carretera",Reglamento de Aplicación de la Ley de Tráfico Vial Artículo 9-4
acto peligroso,初級,¿Cuál de las siguientes está claramente establecida en el Artículo 42 de la Ley de Tráfico Vial como un lugar donde las bicicletas deben circular despacio? (Extracto),Una carretera recta con dos carriles en cada dirección (buena visibilidad),Todos los tramos de carretera con carriles bici,Todas las calles en zonas residenciales,"Intersecciones con mala visibilidad a ambos lados (sin espacio para intersecciones, lado no prioritario)",4,"Según el artículo 42, punto 1, en intersecciones donde la visibilidad es imposible y donde no se ha implementado el control de tráfico, existe la obligación de reducir la velocidad.",Portal de Bicicletas del Departamento de Policía Metropolitana
acto peligroso,初級,¿Cuál de las siguientes es la obligación correcta respecto a la iluminación y los equipos reflectantes al montar en bicicleta de noche?,"Si llevas una fajilla reflectante, no necesitas una luz de bicicleta.","Por la noche, solo deben estar encendidas las bicicletas equipadas con faros y reflectores traseros o pilotos traseros",No existen normativas sobre luces para bicicletas por la noche.,"Incluso de noche, si hay una farola, no es necesario encender la luz.",2,"Según los artículos 52 y 63-9 de la Ley de Tráfico Vial, por la noche solo están prohibidas las bicicletas con los faros encendidos y equipadas con dispositivos reflectantes o luces traseras.",Lista de infracciones del Departamento de Policía Metropolitana por saltarse semáforos
pausa,初級,¿Cuál de las siguientes es la obligación correcta para los ciclistas en intersecciones con señales de stop?,"Si no vienen coches, no hace falta parar.","Si caminas por la acera, no es un problema.",Siempre para y comprueba la seguridad,Con conducir despacio por sí solo es suficiente.,3,"En lugares con señales de stop, las bicicletas también deben parar temporalmente para comprobar su seguridad.",Portal de Bicicletas del Departamento de Policía Metropolitana Normas de Tráfico Ciclista del Departamento de Policía Metropolitana Parada Temporal
Paso lateral,初級,¿Cuál de las siguientes afirmaciones sobre la Ley de Paso Lateral vigente en abril de 2026 es correcta?,Solo se aplica a aceras,Siempre debes mantenerte al menos a 2 metros de distancia,"Cuando no hay suficiente espacio, el robo de coches debe proceder a una velocidad segura y el robo de bicicletas debe abordarse lo más a la izquierda posible.",Solo las bicicletas tienen obligaciones.,3,"Según la norma de adelantamiento lateral vigente en abril de 2026, cuando no haya suficiente espacio, los vehículos y vehículos similares deben circular a una velocidad segura, y las bicicletas y vehículos similares deben mantenerse lo más cerca posible del borde izquierdo.","Portal de Bicicletas del Departamento de Policía Metropolitana Artículo 18, párrafos 3 y 4 de la Ley de Tráfico Vial"
Iluminación y luz,初級,¿Cuál de las siguientes es la penalización correcta para una bicicleta sin iluminación permitida?,7.000 yenes,6.000 yenes,5.000 yenes,12.000 yenes,3,"Según la lista de actividades ilegales del Departamento de Policía Metropolitana, la tarifa todoterreno para vehículos ligeros es de 5.000 yenes.",Portal de Bicicletas del Departamento de Policía Metropolitana Lista de Actos Ilegales del Departamento de Policía Metropolitana Sin luces
Paso en la acera,初級,¿Cuál es la forma correcta de usar bicicletas cuando se permite el tráfico en las aceras?,Las bicicletas tienen prioridad sobre los peatones.,Tocar el timbre puede hacer que los peatones eviten,Muévete lo más rápido posible por el centro de la acera,Procede despacio con prioridad peatonal y detente cuando estorbes,4,"Los peatones tienen prioridad al usar aceras. Si no hay un área designada para el paso de bicicletas, continúa despacio hacia la carretera y detente temporalmente si esta obstruye el paso peatonal.",Portal de Bicicletas del Departamento de Policía Metropolitana Normas de tráfico ciclista del Departamento de Policía Metropolitana - Cómo usar aceras
Reglas básicas,初級,¿Cuál de las siguientes está más cerca de las posiciones de paso ilegal de bicicletas según los artículos 17 y 18 de la Ley de Tráfico Vial?,Conducir por el borde izquierdo de la carretera,Conduciendo por el borde derecho de la carretera,Utiliza las aceras como norma general y solo usa la calzada cuando sea peligrosa.,Moverse libremente entre aceras y calles según la situación,1,"Los vehículos ligeros, incluidas las bicicletas, suelen estar obligados a circular por el lado izquierdo de la carretera.",Cinco normas para el uso seguro de bicicletas | Departamento de Policía Metropolitana de Tokio Artículos 17 y 18 de la Ley de Tráfico Vial
