問題番号,問題文,難易度,カテゴリ,正解,解説,法令参照
1,軽車両である自転車は、道路の左側部分に設けられた路側帯であれば、歩行者の通行を著しく妨げない限り通行することができる。,初級,基本ルール,〇,道路交通法では、軽車両は左側部分に設けられた路側帯を、歩行者の通行を妨げない速度と方法で通行できるとされています。 ◎ 道路交通法,道路交通法 第17条・第17条の2 路側帯の通行方法と歩行者との関係に関する規定。
2,普通自転車は、自転車道が設けられている道路においては、やむを得ない場合等を除き自転車道を通行しなければならない。,初級,基本ルール,〇,第63条の3により、自転車道がある場合、普通自転車は原則としてその自転車道を通行する義務があります。 道路交通法7 ,道路交通法第63条の3 自転車道がある場合の普通自転車の通行義務。
3,自転車を含む軽車両は、並んで通行することとなる場合、原則として他の軽車両と並進してはならない。,初級,基本ルール,〇,道路交通法第19条で、軽車両は並進してはならないと定められており、普通自転車については別途特例が設けられています。 道路交通法7,道路交通法第19条 軽車両の並進禁止に関する基本規定。
4,自転車は、道路を横断しようとする場所の付近に自転車横断帯があるときは、その自転車横断帯によって道路を横断しなければならない。,初級,基本ルール,〇,第63条の6により、自転車横断帯がある場所の付近で道路を横断する場合は、その自転車横断帯によって横断する義務があります。 道路交通法7,道路交通法第63条の6 自転車横断帯がある場所での横断方法。
5,自転車は、停止線のある「止まれ」標識のある交差点でも、周囲に車両がいなければ一時停止しなくてもよい。,初級,危険行為,✕,第43条により、指定場所では他車の有無にかかわらず、停止線の直前等で一時停止する義務があります。 道路交通法7,道路交通法第43条 一時停止標識がある場所での停止義務。
6,自転車を含む車両等は、踏切を通過する際、停止線の直前で一時停止し、安全を確認しなければならない。,初級,危険行為,〇,第33条により、踏切通過時には一時停止と安全確認が義務付けられています。 道路交通法7 ,道路交通法第33条 踏切通過時の一時停止と安全確認義務。
7,基準に適合しない制動装置により交通の危険を生じさせる おそれがある自転車を運転することは禁止されている。,初級,危険行為,〇,第63条の9により、基準に適合しないブレーキで危険を生じさせるおそれがある自転車を運転してはならないとされています。 道路交通法7,道路交通法第63条の9 自転車の制動装置に関する基準と運転禁止。
8,自転車の運転者は、夜間に基準に適合する反射器材または尾灯を備えていない自転車を運転してはならない。,初級,危険行為,〇,第63条の9により、夜間は基準に適合する反射器材を備えるか尾灯をつける必要があります。 道路交通法7 ,道路交通法第63条の9 夜間の反射器材・尾灯の備付け義務。
9,自転車は、夜間に通行するときは前照灯をつけて運転しなければならない。,初級,危険行為,〇,道路交通法第52条により、夜間は前照灯等をつけて運転することが義務付けられています。 道路交通法,道路交通法第52条 夜間の前照灯点灯義務。
10,自転車の運転者は、歩行者を避けさせる目的で、常にベル（警音器）を鳴らしながら歩道を通行してよい。,初級,危険行為,✕,第54条により、音器は法令で定める場合や危険防止のためやむを得ない場合を除きらしてはならず、歩行者を排除する目的で鳴らし続けることは認められません。 道路交通法,道路交通法 第54条 警音器を鳴らすべき場合・鳴らしてはならない場合。
11,周囲の状況にかかわらず、制限速度さえ守っていれば、自転車をどのような運転方法で走らせてもよい。,初級,危険行為,✕,第70条は、安全運転義務として、道路・交通状況に応じて他人に危害を及ぼさない速度と方法で運転することを求めています。 道路交通法,道路交通法 第70条 安全運転義務に関する規定。
12,自転車が停止していないとき、スマートフォンの画面を注視しながら運転することは、安全運転義務違反となり得る。,初級,危険行為,〇,走行中に携帯電話等の画面を注視する行為は前方不注視となり、安全運転義務に反する危険な行為です。 道路交通法7,道路交通法第70条・第71条 安全運転義務および携帯電話等の使用に関する規定。
13,傘差しや片手運転など、ハンドル等の操作を十分に行えない状態で自転車を運転することは、安全運転義務違反とされ得る。,初級,危険行為,〇,ハンドルやブレーキを確実に操作できない態様での運転は、安全運転義務（第70条）に反するものとして取り締まりの対象になり得ます。 道路交通法,道路交通法第70条・第71条 安全なハンドル操作を妨げる態様の運転に関する規定。
14,大人の自転車利用者にも、乗専用ヘルメットをかぶるよう努めることが法律上求められている。,初級,危険行為,〇,第63条の11により、自転車の運転者は年齢を問わず乗車用ヘルメットをかぶるよう努めなければならないとされています。 道路交通法7 ,道路交通法 第63条の11 自転車運転者のヘルメット着用努力義務。
15,児童または幼児を保護する責任のある者は、その児童等が自転車を運転する場合、乗車用ヘルメットをかぶらせるよう努めなければならない。,初級,危険行為,〇,第63条の11は、児童・幼児の保護者に対してもヘルメット着用を促す努力義務を課しています。 道路交通法7 ,道路交通法第63条の11 児童・幼児に対するヘルメット着用の努力義務。
16,自転車は、片側一車線の道路においても、原則として右側部分を通行してはならない。,初級,危険行為,✕,軽車両は道路の左側部分を通行する義務があり、正面衝突等の危険が高まる右側通行は原則として認められていません。 道路交通法7,道路交通法第17条・第18条 車両の通行区分および左側通行の原則に関する規定。
17,夜間において、反射材や明るい色の衣服を着用することは、法令上の努力義務や安全運転義務の観点から望ましいとされている。,初級,危険行為,〇,夜間は被視認性を高めることが重要であり、反射材の使用などは事故防止の観点から強く推奨されています。 道路交通法7,道路交通法 第70条 夜間の安全運転・被視認性確保に関する安全運転義務の一部としての考え方。
18,通学路や学校付近では、児童等の安全確保のため、自転車も速度や通行位置に一層の配慮をすることが求められる。,初級,危険行為,〇,子どもの飛び出し等のリスクが高い区域では、安全運転義務に基づき、特に慎重な運転が求められます。 道路交通法7,道路交通法 第76条・関連通学路指定 通学路等における安全確保のための配慮義務（法・通達・条例の組合せ）。
19,急な下り坂で制限速度未満であれば、どれだけスピードを出しても安全運転義務違反とはならない。,初級,危険行為,✕,勾配や路面状況等により、制限速度未満でも危険な場合があり、状況に応じた安全な速度選択が求められます。 道路交通法7,道路交通法 第70条 下り坂等での安全な速度保持に関する安全運転義務。
20,雨天や強風時であっても、制限速度内であれば自転車の運転方法を特に変える必要はない。,初級,危険行為,✕,天候悪化時は制動距離や視認性が低下するため、通常より速度を落とし、慎重な運転が求められます。 道路交通法7,道路交通法 第70条 雨天・強風時の安全運転義務に基づく速度調整等。
21,軽車両である自転車は、道路の左側部分に設けられた路側帯であれば、歩行者の通行を著しく妨げない限り通行することができる。,初級,基本ルール,〇,道路交通法第17条の2により、軽車両は左側部分に設けられた路側帯を、歩行者の通行を妨げない速度と方法で通行することができます。 自転車安全利用五則|普察庁入 ,道路交通法第17条の2 軽車両による路側帯通行と歩行者への配慮に関する規定。
22,道路交通法施行規則上、普通自転車は四輪以下でなければならない。,初級,基本ルール,〇,施行規則第9条の2の2は、普通自転車の構造として「四輪以下」であることを要件にしている。 道路交通法施行規則7,道路交通法施行規則第9条の2の2 普通自転車の車輪数に関する基準。
23,普通自転車の基準には「側車を付していないこと」が含まれている。,初級,基本ルール,〇,第9条の2の2第2号口で、側車を付していないことが普通自転車の条件として明記されている。 道路交通法施行規則,道路交通法施行規則第9条の2の2 普通自転車に側車を付けられるかどうか。
24,普通自転車は、運転者席以外の乗車装置でも、幼児用座席であれば設けることができる。,初級,基本ルール,〇,施行規則では「一の運転者席以外の乗車装置 （幼児用座席を除く。）を備えていないこと」とされており、幼児用座席のみが例外として認められている。 道路交通法施行規則7 ,道路交通法施行規則 第9条の2の2 普通自転車に設けられる座席の制限。
25,普通自転車の制動装置は、走行中容易に操作できる位置に備えられていなければならない。,初級,危険行為,〇,第9条の2の2第2号ニで、制動装置が走行中容易に操作できる位置にあることが普通自転車の条件とされている。 道路交通法施行規則,道路交通法施行規則第9条の2の2 制動装置（ブレーキ）の操作位置に関する基準。
26,普通自転車には、歩行者に危害を及ぼすおそれのある鋭利な突出部があってもよい。,初級,危険行為,✕,同条ホで「歩行者に危害を及ぼすおそれがある鋭利な突出部がないこと」とされており、そのような突出部は認められない。 道路交通法施行規則,道路交通法施行規則第9条の2の2 歩行者に危害を及ぼすおそれのある鋭利な突出部の禁止。
27,自転車の制動装置の基準では、前車輪または後車輪のどちらか一方を制動できれば足りるとされている。,初級,危険行為,✕,第9条の3第1号で「前車輪及び後車輪を制動すること」と規定されており、両輪を制動できることが求められる。 道路交通法施行規則7,道路交通法施行規則第9条の3 自転車の制動装置の基準（前後輪制動）。
28,自転車の制動装置は、乾燥した平たんな舗装路面で初速度10km/hの場合、3m以内で円滑に停止できる性能を有する必要がある。,初級,危険行為,〇,第9条の3第2号に、その条件が具体的に明記されている。 道路交通法施行規則7,道路交通法施行規則 第9条の3 自転車の制動性能（10km/hから3m以内で停止）。
29,自転車に備えられる反射器材は、夜間に後方100mから前照灯で照射した場合、その反射光を容易に確認できるものでなければならない。,初級,危険行為,〇,第9条の4第1号において、後方100mから前照灯で照射したときに反射光を容易に確認できることが基準とされている。 道路交通法施行規則7,道路交通法施行規則第9条の4 自転車用反射器材の見え方に関する基準（夜間100m)
30,自転車用反射器材の反射光の色は、黄色や緑色であってもよいとされている。,初級,危険行為,✕,施行規則では反射光の色を「とう橙色又は赤色」と限定しており、黄色や緑色は基準に適合しない。 道路交通法施行規則7,道路交通法施行規則第9条の4 自転車用反射器材の反射光の色の基準。
31,人の力を補うため原動機を用いる自転車（いわゆる電動アシスト自転車）の原動機は、電動機でなければならない。,初級,基本ルール,〇,第1条の3第1号イにおいて、原動機として電動機であることが要件とされている。 道路交通法施行規則7,道路交通法施行規則 第1条の3 人の力を補うため原動機を用いる自転車の原動機の種類（電動機）。
32,電動アシスト自転車は、時速24km以上の速度に達した場合、原動機による補助力が加わらない構造でなければならない。,初級,基本ルール,〇,第1条の3第1号ハで、24km/h以上の速度域では原動機による補助力が加わらないことが定められている。 道路交通法施行規則7,道路交通法施行規則 第1条の3 24km/h以上では原動機による補助力が加わらないこと。
33,原動機を用いる軽車両は、原動機として電動機を用い、歩きながら運転する構造でなければならない。,初級,基本ルール,〇,第1条の2の3第2号イ・口で、電動機を用いること及び歩きながら運転するものであることが定められている。 道路交通法施行規則7,道路交通法施行規則第1条の2の3 原動機を用いる軽車両の構造（歩きながら運転することなど）。
34,移動用小型車は、6km/hを超える速度を出すことができない構造でなければならない。,初級,危険行為,〇,第1条の4第2号口で、6km/hを超える速度を出すことができないことが要件とされている。 道路交通法施行規則7,道路交通法施行規則第1条の4 移動用小型車の最高速度の上限。
35,移動用小型車の原動機は、ガソリンエンジンなど内燃機関であってもよい。,初級,基本ルール,✕,第1条の4第2号イで、原動機として電動機を用いることが定められており、内燃機関は想定されていない。 道路交通法施行規則7,道路交通法施行規則 第1条の4 移動用小型車の原動機の種類（電動機）。
36,道路交通法施行規則第1条の3に適合する電動アシスト自転車は、原動機付自転車ではなく「自転車」として扱われる。,初級,基本ルール,〇,普察庁や各都道府県も案内しているとおり、同規則の基準に適合するものは、自転車として扱われる。 道路交通法施行規則7,道路交通法 第2条・道路交通法施行規則第1条の3 電動アシスト自転車と原動機付自転車の区別の根拠となる定義。
37,前後いずれか一方にしか制動装置を備えていない自転車は、道路交通法第63条の9が求める制動性能を満たさないため、違反となりうる。,初級,基本ルール,〇,同条では「制動装置等」を備えた自転車であることを求めており、前後輪それぞれに有効な制動装置があることが前提とされる。 道路交通法施行規則,道路交通法 第63条の9第1項 自転車に備える制動装置（ブレーキ）の基準の根拠条文。
38,自転車の反射器材は、夜間後方100mから前照灯で照射した際、その反射光を照射位置から容易に確認できる性能を有する必要がある。,初級,基本ルール,〇,これは施行規則第9条の4第1号に明記されている要件である。 道路交通法施行規則7,道路交通法施行規則第9条の4 反射器材は、夜間後方100mの距離から前照灯で照らしたときに反射光を確認できる性能が必要とされる。
39,道路標識等により指定された自転車道には、自転車以外に原動機付自転車や自動車が進入して通行することは認められていない。,初級,危険行為,〇,自転車道は軽車両である自転車等のための専用通行帯であり、他の車両の通行は禁止される。 道路交通法施行規則7,道路交通法 第17条、第63条の3 自転車道は自転車等のための通行帯であり、原動機付自転車や自動車は通行できない。
40,道路交通法第2条第3項により、自転車を押して歩行している者は、歩行者とみなされる。,初級,基本ルール,〇,同条は、車両を押して歩いている者を歩行者とする旨を規定しており、自転車にも適用される。 道路交通法施行規則7,道路交通法第2条第3項 車両を押して歩いている者は、歩行者として扱われることを定めている。
41,自転車横断帯が設けられている付近では、自転車はその自転車横断帯によって道路を横断しなければならないとされている。,初級,基本ルール,〇,道路交通法第25条の2および第63条の6に基づく自転車の横断方法の基本ルールである。 道路交通法施行規則7,道路交通法 第25条の2、第63条の6 自転車横断帯のある場所では、その自転車横断帯によって道路を横断しなければならない。
42,自転車同士の並進は、道路標識等により特に認められた区間を除き、道路交通法第19条・第63条の5により禁止されている。,初級,危険行為,〇,自転車を含む軽車両の並進は原則として禁止であり、標識により例外的に認められるに過ぎない。 道路交通法施行規則7,道路交通法 第19条、第63条の5 軽車両（自転車）の並進を原則禁止し、標識等で認められた場合のみ例外とする。
43,自転車に同乗できる幼児の人数や座席の構造は、道路交通法第63条の4や各都道府県の細則により制限されており、無制限に同乗させることはできない。,初級,危険行為,〇,チャイルドシートの数や配置、同乗可能な幼児数は法令・細則で上限が定められている。 道路交通法施行規則7,道路交通法第63条の4 自転車に乗車できる人数や、幼児用座席に関する規定の根拠条文。
44,自転車は、夜間に道路を通行する際、前照灯をつけるとともに、尾灯または施行規則第9条の4に適合する反射器材を備えていなければならない。,初級,基本ルール,〇,道路交通法第52条および第63条の9第2項に基づく灯火・反射器材に関する義務である。 道路交通法施行規則7,道路交通法 第52条、第63条の9第2項 夜間の灯火義務と、自転車に反射器材または尾灯を備える義務の根拠条文。
45,道路交通法上、自転車は軽車両として定義されている。,初級,基本ルール,〇,自転車は道路交通法第2条第1項第11号で軽車両として位置づけられ、車両としての各種義務が課される。 道路交通法施行規則7,道路交通法 第2条第1項第11号 自転車は軽車両として定義される。
46,自転車は、原則として車道の左側端に寄って通行しなければならないとされている。,初級,基本ルール,〇,道路交通法第17条および第63条の3に基づき、自転車は車道の左側端寄りを通行する義務がある。 道路交通法施行規則7,道路交通法 第17条、第63条の3 軽車両である自転車は、車道では原則として左側端を通行しなければならない。
47,自転車であっても、車道の右側通行（いわゆる逆走）は道路交通法違反となる。,初級,危険行為,〇,軽車両である自転車も、車両として左側通行義務を負い、右側通行は原則として認められない。 道路交通法施行規則7,道路交通法第17条 車道の右側通行（逆走）は自転車も禁止される。
48,自転車が歩道を通行する場合、歩行者優先で徐行し、歩行者の通行を妨げてはならないとされている。,初級,危険行為,〇,道路交通法第63条の4により、自転車は歩道通行時に歩行者優先・徐行義務を負う。 道路交通法施行規則7,道路交通法第63条の4 歩道を通行する場合、自転車は歩行者優先・徐行義務を負う。
49,自転車も軽車両として、信号機の表示に従う義務があり、赤号での進行は信号無視として処罰対象となる。,初級,危険行為,〇,道路交通法第7条はすべての車両に遵守を求めており、自転車も例外ではない。 道路交通法施行規則7,道路交通法 第7条、第2条第1項第11号 自転車を含む軽車両は号機の表示に従う義務がある。
50,一時停止標識のある交差点において、自転車も完全に一時停止する義務を負う。,初級,危険行為,〇,道路交通法第43条に基づく一時停止義務は、軽車両である自転車にも然及ぶ。 道路交通法施行規則7,道路交通法 第43条、第63条の3 一時停止標識がある交差点での一時停止義務は自転車にも及ぶ。
51,傘差し運転や片手運転は、自転車についても安全運転義務違反として指導・取締りの対象となることがある。,初級,危険行為,〇,各察本部の取締り事項として明示されており、事故時には重大な過失と評価される。 道路交通法施行規則7,道路交通法 第70条 片手運転や傘差し運転は、安全運転義務違反として各地の取締り対象となっている。
52,夜間に自転車の前照灯を点灯」せず走行することは、灯火義務違反として処罰の対象となる。,初級,罰則・責任,〇,道路交通法第52条の灯火義務に違反する行為であり、各地で無灯火走行の取締りが行われている。 道路交通法施行規則7,道路交通法 第52条、第120条 夜間の無灯火走行は灯火義務違反として罰則の対象となる。
53,自転車の二人乗りは、幼児同乗用自転車など例外を除き、道路交通法上原則として禁止されている。 ﻿,初級,危険行為,〇,安全性の観点から、座席や構造が対応している場合を除き、二人乗りは認められていない。 道路交通法施行規則7,道路交通法 第57条、第63条の4 自転車の二人乗りは、幼児同乗用自転車など例外を除き原則禁止。
54,自転車道は、基準に適合する自転車等のための車道部分であり、自動車は原則として通行してはならない。,上級,基本ルール,〇,自転車道は自転車通行の用に供するため区画された車道部分であり、自動車等は通行できないとされています。 道路交通法,道路交通法 第63条の3 自転車道を通行できる車両の範囲。
55,軽車両である自転車は、公安委員会の規制等により指定された交差点では、いわゆるニ段階右折の方法で右折しなければならないことがある。,上級,危険行為,〇,道路交通法第34条により、軽車両は公安委員会の定めるところにより、二段階右折を行うことが義務付けられる場合があります。 道路交通法7 A,道路交通法 第34条 軽車両の右折方法（二段階右折など）に関する規定。
56,軽車両である自転車は、積載装置の構造や公安委員会の定める基準に従い、積載物の大きさや重さが制限されている。,上級,危険行為,〇,第57条の2により、軽車両の積載の方法や限度は公安委員会が定める基準に従わなければなりません。 道路交通法7 A月,道路交通法第57条の2 軽車両の積載制限に関する規定。
57,危険な自転車運転を反復して行った者に対し、公安委員会が自転車運転者講習の受講を命ずることがある。,上級,危険行為,〇,第108条の3に基づき、政令で定める危険行為を反復した場合には、自転車運転者講習の受講命令が出されることがあります。 道路交通法7,道路交通法 第108条の3 自転車運転者講習の受講命令に関する規定。
58,「歩行者専用」の道路標識が設置されている道路は、原則として自転車に乗ったまま通行することはできない。,上級,基本ルール,〇,歩行者専用道路は原則として歩行者のみ通行可能であり、自転車は押し歩きで歩行者と同様に通行する扱いとなります。 道路交通法,道路交通法第8条・第9条 歩行者専用道路における通行規制に関する規定。
59,一方通行の規制が行われている道路では、別途標識等で例外が示されない限り、自転車も指定された方向に従って通行しなければならない。,上級,危険行為,〇,一方通行の交通規制は軽車両である自転車にも及び、標識に従った方向で通行する必要があります。 道路交通法入,道路交通法第8条・第17条 一方通行の規制と自転車の通行方向に関する取扱い。
60,自転車を故意に道路の中央などにとめ、他人の通行を妨げる行為は、道路交通法上の禁止行為にあたる。,上級,危険行為,〇,第76条は、道路において交通の妨害となるような行為を禁止しており、故意に通行を妨げる行為は違反となります。 道路交通法入,道路交通法第76条 道路における禁止行為（交通の妨害行為）に関する規定。
61,自転車を故意に道路の中央などにとめ、他人の通行を妨げる行為は、道路交通法上の禁止行為にあたる。,上級,危険行為,〇,第76条は、道路において交通の妨害となるような行為を禁止しており、故意に通行を妨げる行為は違反となります。 道路交通法入,道路交通法第76条 道路における禁止行為（交通の妨害行為）に関する規定。
62,酒に酔った状態で自転車を運転することは、道路交通法により禁止されている。,上級,危険行為,〇,第65条により、酒気を帯びて正常な運転ができないおそれがある状態での運転は、自転車を含めて禁止されています。,道路交通法第76条は、道路における禁止行為（交通の妨害行為）に関する規定である。
63,大音量で音楽を聞き周囲の音が聞こえない状態で自転車を運転することは、安全運転義務および各都道府県の禁止行為に抵触する可能性が高い。,上級,危険行為,〇,周囲の音が聞こえない状態は危険予測を著しく妨げ、安全運転義務違反として取り締まりの対象となる場合があります。 道路交通法7,道路交通法第70条・第71条 安全運転義務および公安委員会の定める禁止行為（イヤホン等）に関する規定。
64,速度が高いほど停止距離は長くなるため、安全運転義務の観点から、状況に応じた速度調整が必要である。,上級,基本ルール,〇,停止距離は速度に応じて増大するため、見通しや路面状況に応じて適切に速度を選択する必要があります。 道路交通法7,道路交通法第70条 停止距離等を踏まえた安全な速度選択に関する義務。
65,路面が凍結・積雪・砂利等で滑りやすい場合でも、制限速度未満であれば通常どおりの運転で問題ない。,上級,危険行為,✕,路面状況に応じて速度や進路を調整しない運転は、安全運転義務に反する可能性があります。 道路交通法,道路交通法第70条 路面状態（凍結・砂利・ぬかるみ等）に応じた運転方法の調整義務。
66,自転車の制動性能基準は、湿潤路面における停止距離についても具体的に数値で定めている。,上級,危険行為,✕,施行規則は「乾燥した平たんな舗装路面」での条件を定めており、湿潤路面の具体的な停止距離までは示していない。 道路交通法施行規則7 A,道路交通法施行規則第9条の3 制動性能基準が適用される路面条件に関する理解。
67,電動アシスト自転車は、低速域（10km/h未満）であれば、人の力に対する補助力の比率に上限は設けられていない。,上級,基本ルール,✕,第1条の3では速度区分ごとに人力に対する補助力の比率上限を具体的に定めており、低速域にも上限がある。 道路交通法施行規則7,道路交通法施行規則第1条の3 10km/h未満の低速域におけるアシスト比率の上限。
68,電動アシスト自転車の補助機能は、円滑に働き、かつその作動により安全な運転の確保に支障が生じないことが求められている。,上級,危険行為,〇,第1条の3第2号において、補助機能の円滑性と安全性についての要件が明記されてい る。 道路交通法施行規則7,道路交通法施行規則第1条の3 補助機能の円滑性と安全性に関する基準。
69,原動機を用いる軽車両の車体の大きさは、長さ4m、幅2m、高さ3mを超えてはならないとされている。,上級,基本ルール,〇,第1条の2の3第1号で、長さ4m・幅2m・高さ3mを超えないことが基準とされている。 道路交通法施行規則7,道路交通法施行規則第1条の2の3 原動機を用いる軽車両の車体の大きさの上限。
70,原動機を用いる軽車両では、運転者が当該車から離れた場合でも原動機が動作し続けてよい。,上級,危険行為,✕,同条ハで、運転者が車から離れた場合には原動機が停止することが要件とされている。 道路交通法施行規則7,道路交通法施行規則第1条の2の3 原動機を用いる軽車両における離脱時の原動機 停止要件。
71,押して歩いている者を歩行者とする四輪以上の自転車については、長さ 190cm、幅60cmを超えないことが基準とされている。,上級,基本ルール,〇,第1条の8で、四輪以上の自転車について長さ190cm・幅60cmを超えないことが定められている。 道路交通法施行規則7,道路交通法施行規則第1条の8 押して歩いている者を歩行者とする車両の大きさ （四輪以上の自転車等）。
72,移動用小型車の車体の大きさは、長さ120cm、幅70cm、高さ120cm （ヘッドサポート除く）を超えてはならない。,上級,基本ルール,〇,第1条の4第1号で、その寸法を上限とすることが定められている。 道路交通法施行規則7,道路交通法施行規則第1条の4 移動用小型車（いわゆる電動カート等）の大きさの上限。
73,原動機を用いる身体障害者用の車の車体の大きさは、長さ120cm、幅70cm、高さ120cm （ヘッドサポート除く）を超えてはならない。,上級,基本ルール,〇,第1条の5第1号で、移動用小型車と同様の寸法を上限とすることが定められている。 道路交通法施行規則7,道路交通法施行規則第1条の5 原動機を用いる身体障害者用の車の大きさの上限。
74,原動機を用いる身体障害者用の車は、自動車又は原動機付自転車と外観を通じて明確に識別できることが求められている。,上級,基本ルール,〇,第1条の5第2号ニで、自動車や原動機付自転車と外観上明確に識別できることが要件とされている。 道路交通法施行規則ス,道路交通法施行規則第1条の5 原動機を用いる身体障害者用の車が自動車等と外観で識別できること。
75,乗車用ヘルメットの基準には、視野の確保、衝撃吸収性、顎ひもの固定性、重量2kg以下であることなどが含まれている。,上級,危険行為,〇,第9条の5で、視野・聴力・衝撃吸収性・耐 貫通性・顎ひも・重量2kg以下などの要件が定められている。自転車用ヘルメットも同様の観点が重要。 道路交通法施行規則7,道路交通法施行規則第9条の5 乗車用ヘルメットの基準の一部（視野・固定性・重量など）。自転車ヘルメット選びにも関連する考え方。
76,ペダルをこがなくても原動機だけで自走可能な車両は、道路交通法施行規則第1条の3に規定される「駆動補助機付自転車」に該当する。,上級,基本ルール,✕,第1条の3が想定するのは、人の踏力を補うための原動機（電動モーター）であり、専ら原動機のみで走行できるものは自転車ではなく原動機付自転車等として扱われる。 道路交通法施行規則7,道路交通法施行規則第1条の3 電動アシスト自転車として扱われるための原動機の基準（電動機であること、安全な運転に支障がないこと等）を定めている。
78,電動アシスト自転車のアシスト比率は、時速10km未満の場合、人力1に対して原動機による補助力2までとされている。,上級,基本ルール,〇,第1条の3に基づき、低速域（10km/h未満）におけるアシスト比率の上限は1:2とされ、それを超えると法令上の自転車の基準から外れる。 道路交通法施行規則入,道路交通法施行規則第1条の3 電動アシスト自転車のアシスト比率（人の力とモータ一の力の比）と速度の関係を定めている。
79,アシスト比率や速度制御を容易に変更できる構造の電動アシスト自転車は、第1条の3が求める「改造が容易でない構造」には該当しない可能性がある。,上級,危険行為,〇,基準を外れる改造が簡単にできる構造は、法が想定する「駆動補助機付自転車」の要件を満たさず、原付等に該当しうる。 道路交通法施行規則,道路交通法施行規則 第1条の3 電動アシスト自転車の原動機は、基準を外れるような改造が容易でない構造であることが求められている。
80,自転車の制動装置については、施行規則第9条の3で制動距離等の性能基準が定められているため、単に「ブレーキが付いていれば良い」というものではない。,上級,基本ルール,〇,同条は制動性能の具体的基準を規定しており、性能を満たさない車両での通行は法令違反となりうる。 道路交通法施行規則7,道路交通法施行規則第9条の3 自転車の制動装置の性能（制動距離など）の具体的な基準を定めている。
81,自転車は、施行規則第9条の4の基準に適合する反射器材を備えている場合、条例によっては尾灯を省略できるとされている。,上級,基本ルール,〇,多くの都道府県の施行細則で、当該基準に適合する反射器材があれば尾灯を要しない旨が定められている。もっとも、安全のために尾灯を併用することが推奨される。 道路交通法施行規則7,道路交通法 第63条の9第2項・道路交通法施行規則第9条の4自転車は尾灯の代わりに一定基準に適合する反射器材を備えることができるとされている。
82,施行規則第9条の4が求める反射器材は「自転車に備え付けられた」ものであり、乗員の衣服等の反射素材だけでは代替とは認められないと解されている。,上級,危険行為,〇,条文上、自転車に備え付けられた場合を前提としており、実務上も自転車本体への装着が求められるとされている。 道路交通法施行規則7,道路交通法施行規則 第9条の4 反射器材は「自転車に備え付けられた場合」を前提としており、身体や衣服だけにある反射材では代替できないとされている解釈がある。
83,施行規則第5条の6は、自転車道を通行できる自転車の大きさ（長さ・幅・高さ）に上限を設けており、これを超える車両は自転車道を通行できない。,上級,基本ルール,〇,同条は、自転車道の安全確保のため自転車の寸法に基準を設けている。 道路交通法施行規則7,道路交通法施行規則 第5条の6 自転車道を通行できる自転車の大きさ等（長さ・幅・高さ）の基準を定めている。
84,幅広の四輪自転車で、自転車道通行可能な寸法基準を超えるものは、自転車道を通行することができない。,上級,基本ルール,〇,第5条の6の寸法基準を超える車両は、自転車道通行の対象外となる。 道路交通法施行規則7,道路交通法施行規則第5条の6 自転車道を通行できる車両は一定の大きさ以内の普通自転車等に限定される。
85,自転車を押して横断歩道を横断している者は歩行者とみなされるため、自動車には道路交通法第38条に基づく一時停止義務が生じる。,上級,基本ルール,〇,押し歩きは歩行者扱いとなるため、横断歩道を横断する歩行者として保護される。 道路交通法施行規則7,道路交通法 第38条、第2条第3項 歩行者として横断歩道を通行する場合、車両側の一時停止義務等が働く。
86,自転車の安全利用や駐輪スペースの確保は、道路交通法だけでなく、いわゆる自転車法（自転車等の駐車対策等に関する法律）によっても位置づけられている。,上級,基本ルール,〇,自転車法は、自転車の安全利用と駐輪対策を総合的に推進するための基本法的な役割を担っている。 道路交通法施行規則7,自転車の安全利用の促進及び自転車等の駐車対策の総合的推進に関する法律第1条ほか 自転車の安全利用と駐輪対策を総合的に推進する目的の法律（いわゆる自転車法）。
87,施行規則第9条の5は、自転車を含む車両運転者が安全な運転に必要な周囲の音が聞こえないような形で音楽を聞きながら運転することを禁止している。,上級,危険行為,〇,同条は、携帯音楽プレーヤー等の使用により必要な音が聞こえない状態での運転を禁止している。 道路交通法施行規則7,道路交通法施行規則 第9条の5 携帯音楽プレーヤー等の利用で安全な運転に必要な周囲の交通に関する音が聞こえない状態での運転を禁止している。
88,反射器材や尾灯の義務は夜間通行時が中心だが、トンネル等の条件もあり、昼間だからといって一切備えなくてよいと断言できるわけではない。,上級,基本ルール,〇,夜間以外でもトンネル通行時など灯火義務が課される場合があり、安全面からも常時装備が推奨される。 道路交通法施行規則入,道路交通法 第52条、第63条の9第2項 反射器材や尾灯の義務は基本的に夜間に関するものであるが、安全上は昼間も装備が推奨される。
89,自転車は、自転車横断帯の有無にかかわらず、歩行者や他の車両等の正常な交通を妨害するおそれがある場合には横断を行ってはならないとされている。,上級,危険行為,〇,道路交通法第25条の2および第63条の7に基づき、他の交通の安全を妨げる横断は禁止されている。 道路交通法施行規則7,道路交通法 第63条の7、第25条の2 横断歩道や自転車横断帯における自転車の横断方法と、他の交通の妨害禁止。
90,自転車運転中にスマートフォン画面を注視し続けることは、安全運転義務違反（道路交通法第70条）に該当しう る。,上級,危険行為,〇,前方注視義務を怠る行為として、各地の取締りでも問題視されている。 道路交通法施行規則7,道路交通法第70条 安全運転義務違反として、注視しながらのスマートフオン操作等が問題となる。
91,自転車には普音器（ベル）を備え付けることが道路交通法施行規則で義務付けられている。,上級,基本ルール,〇,施行規則第9条の1に、おおむね自動車等と同様に普音器の装備義務が規定されている。 道路交通法施行規則7 A月,道路交通法施行規則第9条の1 自転車には普音器（ベル）を備え付けることが義務付けられている。
92,自転車のベルを、歩行者をどかす目的でむやみに鳴らすことは、道路交通法上適切な普音器使用とは認められない。,上級,危険行為,〇,第54条は、音器の使用場面を必要な場合に限定しており、歩行者排除目的の乱用は好ましくないとされる。 道路交通法施行規則7,道路交通法第54条 普音器（ベル）は必要な場合に限り使用すべきで、歩行者どかし目的の乱用は禁止される。
93,現在は、すべての自転車利用者について、乗車用ヘルメットの着用が努力義務として規定されている。,上級,基本ルール,〇,改正道路交通法により、全年齢を対象としたヘルメット着用努力義務が導入された。 道路交通法施行規則っ,道路交通法 第63条の11（改正） すべての自転車利用者に対する乗車用ヘルメット着用 努力義務が導入されている。
94,酒気帯び・酒酔い運転の禁止規定は、自転車の運転にも適用される。,上級,罰則•責任,〇,道路交通法第65条は「何人も酒気を帯びて 車両等を運転してはならない」と規定しており、自転車も対象に含まれる。 道路交通法施行規則入,道路交通法 第65条 酒気帯び・酒酔い運転の禁止は自転車にも適用される。
95,制動装置が備えられていない、いわゆるノーブレーキピスト等で道路を通行すると、整備不良車両として罰則の対象となりうる。,上級,罰則・責任,〇,第63条の9の要件を満たさない車両での通行は、道路交通法違反として取り締まりの対象となる。 道路交通法施行規則7,道路交通法 第63条の9、第120条 制動装置のない自転車での通行は違反となり、罰則の対象にもなりうる。
96,自転車にも、最高速度標識とは別に、道路や交通の状況に応じた安全な速度で走行する義務が課されている。,上級,危険行為,〇,道路交通法第22条・第70条に基づき、自転車にも状況に応じた適切な速度調整義務がある。 道路交通法施行規則,道路交通法第22条、第70条 自転車にも、最高速度規制だけでなく「状況に応じた安全な速度」で走行する義務がある。
,,,,,,
