카테고리,난이도,문제,선택지 1,선택지 2,선택지 3,선택지 4,정답 번호,해설,관련 교통 규칙
위험행위,고급,통학로 및 스쿨존에서의 자전거 통행에 관한 설명으로 가장 적절한 것은 무엇인가?,자전거에는 어떠한 규제도 적용되지 않는다.,지역의 교통 규제에 따라 자전거에도 시간대 통행 금지나 서행 의무 등의 특별 규제가 적용될 수 있다.,"도로교통법상 규제는 없으며, 자유롭게 통행할 수 있다.",자전거는 자동차와 마찬가지로 반드시 우측통행을 해야 한다.,2,통학로 규제는 각 도도부현 공안위원회의 교통규제에 따라 자전거에도 적용되는 경우가 있다.,도로교통법 시행규칙 · 도로교통법·교통규제기준 제4조
단속 방침,고급, 범칙금 제도(청색 딱지) 도입 후 자전거 위반에 대한 기본 운용으로 올바른 것은 무엇인가?,모든 위반은 즉시 범칙금(청색 딱지) 대상이 된다.,청색 범칙금 제도 도입으로 지도·경고는 폐지되었다.,고속도로 전용 기준,"위반은 기본적으로 지도·경고 대상이지만, 악질적이거나 위험한 위반은 단속·검거 대상이 된다.",4,"경찰청 FAQ에 따르면 청색 딱지 제도 도입 후에도 자전거 위반은 기본적으로 지도·경고 대상이지만, 악질적이거나 위험한 위반은 단속 대상이 된다고 설명하고 있다.",경찰청 자전거 포털 사이트 · 자전거 포털 사이트 FAQ 지도경고와 검거
주행 중 스마트폰 사용,고급, 스마트폰 거치대에 고정된 스마트폰을 주시하거나 조작하는 행위에 대한 현재 기준으로 가장 적절한 것은 무엇인가?,고정되어 있으면 항상 적법하다.,거치대에 고정된 스마트폰에 대해서는 일체의 법적 규제가 없다.,앞바퀴나 뒷바퀴 중 어느 한쪽만 제동할 수 있으면 된다.,고정되어 있어도 항상 제71조 제5호의5의 ‘휴대(보유)’ 위반이 된다.,3,"언론 보도를 통해 알려진 경찰 견해에 따르면, 거치된 스마트폰은 ‘손에 들고 사용(保持)’에 해당하지 않는 것으로 정리되는 한편, 위험한 운전으로 이어질 경우 안전운전의무 위반 등 다른 평가가 문제 될 수 있다. 개별 사안에 따라 판단되므로 회색지대 요소가 있다.",경찰청 자전거 포털 사이트 · 도로교통법·보도 기반 경찰 견해 · 제71조 제5호의5·제70조
안전운전,고급, 시야가 좋지 않은 교차로나 위험 장소에서 자전거의 진행 방법으로 가장 적절한 것은 무엇인가?,보행자가 없으면 확인할 필요가 없다.,속도를 유지한 채 한 번에 통과한다.,"임의 사항이며, 법률상 전혀 언급되어 있지 않다.",상황에 따라 가능한 한 안전한 속도와 방법으로 진행한다.,4,경찰청 해설에 따르면 교차로나 위험 장소에서는 상황에 따라 가능한 한 안전한 속도와 방법으로 진행해야 한다.,경찰청 자전거 포털 사이트 · 자전거 포털 사이트 교통규칙 안전한 속도와 방법
기본 규칙,고급, 경차량인 자전거의 우회전 방법으로서 도로교통법 제34조 제3항의 규정에 부합하는 것은 무엇인가?,미리 도로 오른쪽 가장자리로 붙은 후 우회전한다.,미리 도로 중앙으로 붙은 뒤 우회전한다.,13세 이상,"미리 도로의 왼쪽 가장자리로 붙은 뒤, 교차로의 가장자리를 따라 진행하는 이른바 ‘2단계 우회전’을 한다.",4,도로교통법 제34조 제3항에 따라 경차량은 우회전 시 미리 도로 왼쪽 가장자리로 붙어 교차로의 가장자리를 따라 진행하는 이른바 2단계 우회전을 해야 한다.,자전거 안전이용 5칙｜경찰청 · 도로교통법 제34조 제1항·제3항
병렬 주행,고급, 자전거의 병렬 주행이 예외적으로 허용되는 경우로 적절한 것은 무엇인가?,대화를 하고 싶을 때.,어린이용 자전거에 한정된다.,길이 185cm·폭 55cm·이륜·사이드카 없음·운전자석과 유아용 좌석만 있음·전후 브레이크 장착,보도 위라면 언제나 가능하다.,3,‘병진 가능’ 표지판이 설치된 경우에는 자전거의 나란히 주행이 예외적으로 허용된다.,경찰청 자전거 포털 사이트 · 도도부현 공안위원회 규칙·경찰청 규칙 해설 병진 가능 표지
탑승 제한,고급, 자전거 2인 탑승의 예외에 해당하는 경우로 가장 적절한 것은 무엇인가?,짧은 거리라면 누구나 2인 탑승이 가능하다.,친구를 뒷자리에 태운다.,보호자는 아동 등이 승차용 헬멧을 착용하도록 노력할 의무가 있다.,유아용 좌석에 유아를 태우는 등 법령상 허용된 경우,4,"2인 승차는 원칙적으로 금지되지만, 유아용 좌석에 유아를 태우는 경우 등 법령상 인정된 예외가 있다.",경찰청 자전거 포털 사이트 · 경찰청 자전거의 안전이용 유아용 좌석
기본 규칙,고급, 법령상 전동 어시스트 자전거는 시속 몇 km 이상에서 원동기에 의한 보조가 이루어지지 않는 구조여야 하는가?,시속 10km 이상.,시속 20km 이상.,외형이 자전거와 비슷한 이동수단은 모두 동일한 헬멧 규제를 받는다.,시속 30km 이상,3,제1조의3에 따라 시속 24km 이상에서는 원동기에 의한 보조력이 작동하지 않아야 한다.,도로교통법 시행규칙 · 도로교통법 시행규칙 제1조의3
기본 규칙,고급, 도로교통법상 ‘보통자동차’에 해당하는 조건으로 가장 적절한 것은 무엇인가?,바퀴가 3개 이상인 자전거라면 모두 일반자동차에 해당한다.,페달이 달려 있으면 크기와 관계없이 모두 일반 자동차이다.,위반에 해당하지 않는다.,"차체의 크기와 구조가 기준에 적합하고, 다른 차량을 견인하지 않는 자전거",4,일반자전거는 차체의 크기와 구조가 내각부령 기준에 적합하고 다른 차량을 견인하지 않는 자전거로 정의된다.,자전거 안전이용 5칙｜경찰청 · 도로교통법 제2조·제63조의3·시행규칙 제9조의2
음주운전,고급, 자전거 음주운전에 관한 ‘방조’ 행위로 문제가 될 수 있는 행위에 가장 가까운 것은 무엇인가?,헬멧 착용을 권장한다.,음주 후 운전할 것으로 보이는 사람에게 자전거를 빌려주거나 술을 제공하거나 운전을 부탁한다.,제한 없음,음주한 본인에게 운전을 하지 말라고 설득한다.,2,"안내 자료에서는 음주운전뿐 아니라 술 제공, 자전거 제공, 운전 의뢰 등의 방조 행위도 문제가 될 수 있다고 정리하고 있다.",경찰청 자전거 포털 사이트 · 도로교통법·홍보자료 음주운전 방조
범칙금 제도,고급, 자전거 범칙금 제도에서 위반을 인정하는 경우의 가납부 기한으로 올바른 것은 무엇인가?,단속 다음 날부터 원칙적으로 7일 이내.,단속 당일 중.,자전거를 포함한 경차량에도 주정차 위반 및 방치주차 위반 유형이 있다.,기한은 없다.,1,제도 설명에 따르면 위반을 인정하는 경우 단속 다음 날부터 원칙적으로 7일 이내에 가납부를 하는 절차로 되어 있다.,경찰청 자전거 포털 사이트 · 경찰청 자전거 포털 사이트 가납부
음주운전,초급, 자전거 음주운전에 대해 올바른 것은 무엇인가?,자전거는 차량이 아니므로 적용 대상이 아니다.,자전거도 음주운전이 금지된다.,표지판이 없어도 임의의 대수로 나란히 주행해도 된다.,야간에만 금지된다.,2,자전거도 음주운전이 금지되며 중대한 위반으로 취급된다.,도로교통법 제65조 · 자전거도 음주운전이 금지된다
특정소형원동기장치자전거,고급, 특정소형원동기장치자전거에 관한 설명으로 올바른 것은 무엇인가?,페달이 있으면 자동으로 특정소형원동기장치자전거가 된다.,일반 원동기장치자전거와 완전히 동일한 규칙이 적용되며 연령 제한도 없다.,보행자 횡단보도 위를 자전거에서 내리지 않고 그대로 건너야 한다.,"일정 요건을 충족하면 면허는 필요 없지만, 자전거가 아니라 특정소형원동기부자전거에 해당한다.",4,"특정소형원동기부자전거는 자전거가 아니라 원동기부자전거의 한 종류로, 일정 요건을 충족하면 면허는 필요 없지만 법적으로는 자전거와 다른 분류이다.",도로교통법 제71조 제5호의5 · 운전 중(정차 중 제외)의 휴대전화 손통화 및 화면 주시는 금지되어 있다
주행 중 스마트폰 사용,초급, 자전거의 ‘주행 중 다른 행위(ながら運転)’로 금지되는 행위에 가장 가까운 것은 무엇인가?,운전 중(정차 중 제외)에 손으로 휴대전화를 들고 통화하거나 화면을 주시하는 것.,스마트폰 전원을 끈 상태로 소지하는 것.,많은 지역에서 공안위원회 규칙 위반 등에 해당할 수 있으므로 원칙적으로 피해야 한다.,정차 중을 포함하여 스마트폰을 소지하는 것 자체,1,제도 안내에 따르면 자전거 운전 중(정차 중 제외)에 스마트폰 등을 손에 들고 통화하거나 화면을 주시하는 행위는 금지된다.,경찰청 자전거 포털 사이트 · 경찰청 형식인정제도 전동보조자전거
전동 보조 자전거,고급, 형식인증을 받은 전동보조자전거의 표시로 올바른 것은 무엇인가?,PSC 마크.,PSE 마크.,자전거에는 진로 변경에 관한 규정이 적용되지 않는다.,JIS 마크,3,경찰청 형식인증제도에서는 기준에 적합한 전동보조자전거에 TS 마크가 표시된다.,도로교통법 제42조
위험행위,고급, 터널 내부나 좁은 다리에서의 자전거 운전으로서 안전운전의무에 부합하는 것은 무엇인가?,뒤따르는 차량에 방해가 되지 않도록 속도를 높여 한 번에 통과한다.,전조등을 끄고 주행하여 자신의 자전거가 잘 보이지 않게 한다.,차로 구분과 관계없이 비어 있는 차선을 자유롭게 선택할 수 있다.,"안전운전의무는 자동차에만 적용되므로, 자전거는 자유로운 속도로 통행할 수 있다.",3,시야가 나쁘고 접촉 위험이 높은 장소에서는 서행과 충분한 안전 확인이 필수적이다.,경찰청 자전거 포털 사이트 · 경찰청 자전거 교통규칙 보도 통행의 예외
보도 통행,고급,자전거가 보도를 통행할 수 있는 경우로 가장 적절한 것은 무엇인가?,짐이 많은 날에는 항상 보도를 통행할 수 있다.,표지 등으로 허용된 경우 또는 13세 미만·70세 이상 등의 예외에 해당하는 경우.,보도 주행 전용이며 보험은 필요 없다.,차가 많다고 느끼면 자유롭게 보도로 이동할 수 있다.,2,"보도 통행이 허용되는 경우는 표지 등이 있는 경우, 13세 미만·70세 이상·신체장애인이 운전하는 경우, 또는 부득이한 사정이 있는 경우 등에 한정된다.",경시청 자전거 포털 사이트 · 대상 연령 · 청색 범칙금 대상은 원칙적으로 16세 이상
범칙금 제도,초급,자전거 교통범칙통고제도(청색 딱지)의 적용 연령으로 올바른 것은 무엇인가?,15세 이상.,18세 이상.,보도에서는 수신호를 해서는 안 된다.,전 연령,3,제도 설명에 따르면 자전거 청색 딱지의 대상은 원칙적으로 16세 이상이다.,도로교통법 시행규칙 · 도로교통법 시행규칙 제1조의3
기본 규칙,고급, 시속 10km 이상 24km 미만 구간에서 전동 어시스트 자전거의 보조력 비율에 대한 올바른 이해는 무엇인가?,속도가 높아질수록 인력에 대한 보조력 비율이 작아지도록 제한되어 있다.,속도와 관계없이 항상 일정한 비율로 인력을 보조할 수 있다.,호흡 1L당 알코올 0.15mg 또는 혈중 알코올 농도 0.3mg/ml,시속 20km를 초과하면 보조력 비율 제한이 없어진다.,1,제1조의3 제1호 및 제2호에서는 속도에 따라 보조력 비율이 줄어들도록 계산식으로 상한을 정하고 있다.,자전거 안전이용 5칙｜경찰청 · 도로교통법 제63조의4
기본 규칙,고급, 일반 자전거가 보도를 통행할 수 있는 조건으로서 도로교통법 제63조의4 취지에 가장 부합하는 것은 무엇인가?,"자전거는 원칙적으로 보도를 통행하며, 차도 통행은 예외이다.",도로표지 등으로 지정된 경우나 어린이·고령자 등 차도 통행이 위험한 경우에 한해 보도 통행이 허용된다.,짐받이에 세워 태워도 단거리라면 문제없다.,자전거 이용자가 위험하다고 느끼면 언제든지 보도 통행이 허용된다.,2,"일반자전거가 보도를 통행할 수 있는 경우는 도로표지로 지정된 경우, 아동·유아·고령자 등의 차도 통행이 위험한 경우, 또는 기타 부득이한 경우에 한정된다.",도로교통법 제2조 · 경차량 및 자전거의 정의에 관한 규정
기본 규칙,초급,도로교통법상 자전거는 어떤 구분에 포함되는가?,자동차.,보행자.,10m 거리에서 90dB의 경음기 소리가 들릴 것,지정 없음,3,도로교통법 제2조에 따라 자전거는 ‘경차량’으로 분류된다.,도로교통법 제55조·제57조 · 승차 방법과 승차 인원 제한에 관한 규정
위험행위,초급,자전거의 2인 탑승에 관한 설명으로 가장 적절한 것은 무엇인가? (세부 사항은 각 도도부현 규칙에 따름),탑승 장치가 있으면 몇 명이든 태울 수 있다.,"승차 설비가 없는 곳에 사람을 태우고 운전하는 것은 원칙적으로 금지되며, 경차량의 승차 인원은 공안위원회 규칙으로 제한된다.",차량용 신호만 따른다.,자전거에는 승차 인원 규정이 없다.,2,"도로교통법 제55조·제57조에 따라 승차 설비가 없는 곳에 사람을 태우는 것은 원칙적으로 금지되며, 경차량의 승차 인원은 공안위원회가 기준을 정한다.",자전거 안전이용 5칙｜경찰청 · 도로교통법 제25조
기본 규칙,고급,자전거가 도로 밖 시설로 들어가기 위해 좌회전하는 경우의 방법으로 도로교통법 제25조의 취지에 가장 부합하는 것은 무엇인가?,도로 오른쪽 가장자리로 붙은 후 좌회전한다.,도로 중앙 부근에서 한 번에 좌회전해도 된다.,보도 중앙부,보도를 가로질러서 꺾으면 된다.,3,"도로 밖으로 나가기 위해 좌회전하는 경우, 도로교통법 제25조에 따라 가능한 한 왼쪽 가장자리로 붙어 서행하며 좌회전해야 한다.",경찰청 자전거 포털 사이트 · 자전거 포털 사이트 FAQ 악질·위험 위반 사례
단속 방침,고급,경찰청 FAQ에서 지도·경고가 아닌 범칙금 대상 사례로 제시된 것은 무엇인가?,보도를 천천히 통행한다.,헬멧 미착용.,통행금지 위반에 해당할 수 있다.,반사재를 부착하는 것,3,"경찰청 FAQ에서는 차단기 내려진 건널목 진입, 자전거 제동장치 불량, 휴대전화 사용(손에 들고 사용) 등이 지도·경고가 아닌 청색 딱지 대상 사례로 제시되어 있다.",경찰청 자전거 포털 사이트 · 경찰청 자전거 교통규칙 보도 통행의 예외·횡단보도와 보행자 우선
교차로·횡단,고급, 횡단 장소 부근에서 자전거의 대응으로 적절한 것은 무엇인가?,"횡단보도에서는 보행자가 우선이며, 보행자의 통행을 방해해서는 안 된다.",벨을 울리면 우선 통행할 수 있다.,보행자보다 차량이 우선이므로 그대로 진행해도 된다.,자전거는 횡단보도를 이용해서는 안 된다.,1,"횡단보도는 보행자가 우선인 장소이며, 자전거도 보행자의 통행을 방해해서는 안 되고 필요 시 정지하거나 양보해야 한다.",자전거 안전이용 5칙｜경찰청 · 도로교통법 제72조
위험행위,고급, 자전거로 교통사고를 일으킨 경우 도로교통법 제72조에 따른 의무로 적절한 것은 무엇인가?,상대방의 부상이 가벼워 보이면 현장을 떠나도 된다.,즉시 운전을 중지하고 부상자를 구조하며 위험 방지 조치를 한 뒤 경찰에 신고해야 한다.,자전거에는 강습 제도가 없으므로 아무리 위반해도 강습을 받을 일은 없다.,물적 피해 사고라면 아무 조치도 할 필요가 없다.,2,"도로교통법 제72조는 교통사고를 일으킨 차량 운전자에게 부상자 구호, 도로 위험 방지 조치, 경찰 신고 의무를 부과하며 자전거도 대상이다.",경시청 자전거 포털 사이트 · 경시청 범칙행위 일람 자전거 제동장치 불량
브레이크,초급, 자동차 제동장치 불량에 대한 범칙금 액수로 올바른 것은 무엇인가?,"10,000엔.","6,000엔.",골전도 이어폰이면 항상 적법하다.,"7,000엔",3,"경시청의 범칙행위 목록에 따르면 자전거 제동장치 불량의 범칙금은 5,000엔이다.",도로교통법 시행규칙 제9조의2의2 · 보통자전거의 크기(길이·너비) 기준
기본 규칙,초급, 일반 자전거로 인정되는 차체 규격 조합으로 올바른 것은 무엇인가?,"길이 200cm 이하, 폭 70cm 이하.",길이 상한만 정해져 있고 폭 상한은 없다.,가로등이 있으면 무등화 주행도 가능하다.,길이 180cm 이하 · 폭 80cm 이하,3,"시행규칙에서는 일반자전거의 크기를 ‘길이 190cm 이하, 폭 60cm 이하’로 규정하고 있으며 이를 초과하면 일반자전거에 해당하지 않는다.",자전거 안전이용 5칙
위험행위,초급, 자전거의 한 손 운전이나 스마트폰 조작 등의 위험행위에 관한 도로교통법 규정으로 가장 적절한 설명은 무엇인가?,자전거에는 안전운전 의무가 적용되지 않는다.,스마트폰 조작은 금지되어 있지 않다.,차단기 있는 건널목 진입,한 손 운전이라도 위반은 아니다.,3,"도로교통법 제70조의 안전운전의무 및 제71조에 근거한 공안위원회 규칙에 따라 한 손 운전, 스마트폰 조작, 우산 운전 등은 단속 대상이 될 수 있다.",도로교통법 시행규칙 · 도로교통법 시행규칙 제9조의4·제39조의8
기본 규칙,고급, 자전거에 장착하는 반사기재에 대한 올바른 설명은 무엇인가?,반사기재의 색상이나 밝기에 대한 기준은 전혀 없다.,자전거용이 아닌 자동차용 반사재 기준을 따른다.,보도 주행은 항상 가능하다.,"안전장비 등으로 형식 인증 대상이 되며, 제9조의4 기준 적합 여부로 판단한다.",4,"제39조의8에 따라 자전거 반사재는 안전장비로서 형식인증 대상이며, 기준은 제9조의4에 의해 판단된다.",도로교통법 · 도로교통법 제72조
교차로·횡단,고급, 보도 통행 중인 자전거와 신호의 관계에 대해 가장 적절한 설명은 무엇인가?,자전거는 신호 규정의 적용 대상이 아니다.,교차로 구조와 통행 위치에 따라 마주 보는 신호를 따라야 한다.,"5,000엔",보도를 통행 중이어도 항상 차량용 신호만 따라야 한다.,2,보도를 통행하는 자전거는 교차로 구조와 통행 위치에 따라 보행자용 신호를 따라야 하는 경우가 있다. 따라서 단순히 “항상 이것만 따른다”고 단정하기보다 마주 보는 신호를 확인하는 것이 안전하다.,자전거 안전이용 5칙｜경찰청 · 도로교통법 제20조
위험행위,고급, 자전거로 교통사고를 일으킨 경우 운전자가 취해야 할 조치로 도로교통법 제72조에 가장 부합하는 것은 무엇인가?,"차량만 이동시키고, 부상자 구호는 원칙적으로 하지 않아도 된다.",경미한 손상이라면 현장에서 처리하고 경찰에 신고하지 않아도 된다.,"병진 주행은 금지이며, 병진 가능 표지가 있는 경우 등에 한해 예외가 있다.","즉시 운전을 중지하고, 부상자 구조와 위험 방지 조치를 한 뒤 경찰관에게 자신의 사항을 신고해야 한다.",4,"제72조에 따라 사고 발생 시 부상자 구호, 위험 방지 조치, 경찰 신고가 의무이다.",경시청 통달 · 이어폰 등을 사용한 자전거 이용자 단속 시 유의사항 · 한쪽 귀인지 양쪽 귀인지가 아니라 ‘안전한 운전에 필요한 소리나 음성이 들리지 않는 상태’인지 여부로 판단
기본 규칙,고급, 차로가 설치된 도로에서 자전거가 통행해야 할 위치로 가장 적절한 것은 무엇인가?,상황에 따라 보도와 차도를 자유롭게 이동한다.,왼쪽 끝에서 첫 번째 차로를 통행하고 그 차로의 왼쪽 부분을 통행한다.,가입은 고등학생 이상만 가능하다.,비어 있는 차로를 자유롭게 선택하여 통행해도 된다.,2,"자전거는 차로가 있는 경우 원칙적으로 왼쪽에서 첫 번째 차로를 통행하며, 그 차로의 왼쪽 부분을 이용해야 한다.",도로교통법 · 도로교통법 제36조
이어폰 사용,초급, 이어폰을 착용한 상태의 자전거 운전에 대해 경시청 통달의 취지에 가장 가까운 것은 무엇인가?,"한쪽 귀든 양쪽 귀든 관계없이, 안전운전에 필요한 소리나 음성이 들리지 않는 상태인지 여부로 판단한다.",한쪽 귀만 이어폰을 착용하면 항상 적법하다.,경미한 무등화,양쪽 귀 이어폰 사용은 항상 위반이다.,1,"경찰청 통달에서는 한쪽 귀인지 양쪽 귀인지로 일률 판단하지 않고, ‘안전 운전에 필요한 소리나 음성이 들리지 않는 상태’인지 여부로 판단하도록 하고 있다.",경찰청 자전거 포털 사이트 · 오사카부 경찰·정부 홍보 온라인 정차 중 취급
기본 규칙,고급, 우선도로와 비우선도로가 만나는 교차로에서 자전거 통행 방법으로 올바른 것은 무엇인가?,자전거에는 우선도로 개념이 적용되지 않는다.,비우선도로를 통행하는 자전거는 우선도로를 통행하는 차량에 주의하고 필요 시 일시정지 등의 조치를 해야 한다.,라이트만 점검하면 문제없다.,우선도로를 통행하는 차량은 항상 비우선도로 차량에 양보해야 한다.,2,우선도로에서는 비우선도로에서 진입하는 자전거를 포함한 차량 등에 대해 더욱 높은 주의의무가 요구된다.,경시청 자전거 포털 사이트 · 경시청 FAQ·범칙행위 일람 차단기 내려진 건널목 진입
주행 중 스마트폰 사용,고급, 자전거의 ‘주행 중 스마트폰 사용(ながらスマホ)’에 관한 내용으로 가장 적절한 것은 무엇인가?,정차 중에도 반드시 위반이 된다.,자전거에서 내려 끌고 가더라도 반드시 위반이 된다.,청색 범칙금(청딱지)을 한 번 받으면 반드시 명령이 내려진다.,스마트폰을 보더라도 통화만 하지 않으면 위반이 아니다.,3,"안내 자료에 따르면 운전 중(정차 중 제외)의 손에 든 통화나 화면 주시가 대상이며, 구체적인 평가는 상황에 따라 달라진다.",도로교통법 · 도로교통법 제63조의7
건널목,초급, 차단기가 내려와 있는 철도 건널목에서 자전거의 통행으로 올바른 것은 무엇인가?,내려서 끌고 가면 항상 통행할 수 있다.,보도 쪽이라면 통행해도 된다.,자전거 차량검사 제도,자전거라면 통행해도 된다.,3,차단기가 내려와 있거나 내려오기 시작한 건널목에는 진입해서는 안 된다. 자전거도 동일하다.,자전거 안전이용 5칙｜경시청 · 도로교통법 제19조·제63조의5
위험행위,고급, 교차로 부근에 자전거 횡단대가 있는 경우 자전거의 통행 방법으로 가장 적절한 것은 무엇인가?,"차도 통행 방법을 따르면 되며, 자전거 횡단대는 이용하지 않아도 된다.",보행자 횡단보도만 이용해야 하며 자전거 횡단대는 이용해서는 안 된다.,건널목 직전에서 일시정지하고 안전을 확인한 후에만 진행해야 한다.,자전거 횡단대가 있는 경우에는 차도 통행 방법 규정과 관계없이 그 자전거 횡단대를 통행해야 한다.,4,제63조의7에 따라 자전거 횡단대가 있는 교차로 부근에서는 그 자전거 횡단대를 이용해야 한다.,경시청 자전거 포털 사이트 · 경시청 자전거 교통규칙 제동장치 불량 자전거 운전
위험행위,초급, 일반 자전거의 병렬 주행에 대한 올바른 설명은 무엇인가?,일반 자전거는 3대까지 병렬 주행이 허용된다.,일반 자전거의 병진은 전혀 허용되지 않는다.,우회전은 금지되어 있다.,도로 표지 등으로 허가된 경우에도 일반 자전거의 병진 주행은 2대까지만 가능하다.,4,"도로교통법 제19조 및 제63조의5에 따라 도로표지 등으로 허가된 경우를 제외하고 병진은 금지되며, 허가된 경우에도 2대까지만 허용된다.",자전거 안전이용 5칙｜경찰청 · 도로교통법 제36조·제42조
브레이크,초급, 브레이크가 불량한 자전거에 관한 설명으로 올바른 것은 무엇인가?,내리막길에서만 금지된다.,제동장치가 불량한 자전거를 운전해서는 안 된다.,헬멧 착용은 법률상 전혀 규정되어 있지 않다.,브레이크 한쪽만 작동해도 문제없다.,2,브레이크가 불량한 자전거를 운전해서는 안 된다. 정지할 수 없어 위험하기 때문이다.,자전거 안전이용 5칙｜경찰청 · 도로교통법 제25조의2
기본 규칙,고급, 교통정리가 이루어지지 않는 시야가 나쁜 교차로에서 자전거의 통행 방법으로 가장 적절한 것은 무엇인가?,보도가 있으면 속도를 줄이지 않고 보도를 통행하면 된다.,시야가 좋지 않은 교차로에서는 서행하며 교차도로를 통행하는 차량이나 보행자에 주의해 진행해야 한다.,비나 강풍 등 날씨가 나쁠 때는 항상 보도를 달려도 된다.,자전거에는 서행 의무가 없고 자동차에만 적용된다.,2,도로교통법 제36조 및 제42조에 따라 신호가 없고 시야가 좋지 않은 교차로에서는 서행하면서 교차 도로의 차량과 보행자에 주의하여 진행해야 한다.,도로교통법 시행규칙 · 도로교통법·자전거 관련 법령 총론
위험행위,고급, 도로교통법 제25조의2에서 자전거를 포함한 차량의 횡단 및 유턴에 대해 규정한 내용으로 적절한 것은 무엇인가?,"보행자 또는 다른 차량 등의 정상적인 교통을 방해할 우려가 있을 때에는 횡단, 유턴 또는 방향 전환을 해서는 안 된다.",횡단 금지는 자동차에만 적용된다.,보도 통행이 원칙이고 차도는 예외이다.,도로 표지가 없으면 어디서든 횡단·유턴해도 된다.,1,"제25조의2는 보행자 또는 다른 차량의 정상적인 교통을 방해할 우려가 있는 경우 횡단, 회전, 후진을 해서는 안 된다고 규정한다.",경찰청 자전거 포털 사이트 · 경찰청 자전거 교통규칙 좌측통행
기본 규칙,초급, 자전거의 안전 이용에 관한 종합적인 사고방식으로 가장 적절한 것은 무엇인가?,사고는 운이 나빴던 것으로 생각하면 된다.,면허가 필요 없으므로 위반해도 책임이 가볍다.,"7,000엔","보행자와 같은 감각으로 이용하면 되며, 세부 규칙은 신경 쓰지 않아도 된다.",3,자전거는 경차량으로서 다양한 법적 의무와 책임을 부담한다. 규칙 이해와 안전의식이 사고 예방의 전제이다.,경찰청 자전거 포털 사이트 · 도도부현 공안위원회 규칙·도로교통법 제70조 한손운전
교차로·횡단,고급, 차도 통행 시 자전거의 통행 위치로 올바른 것은 무엇인가?,도로의 오른쪽을 자유롭게 통행할 수 있다.,도로 중앙을 통행한다.,차체 크기와 관계없이 페달이 달려 있으면 모두 일반 자전거이다.,도로의 왼쪽으로 붙어서 통행한다.,4,"자전거는 차도에서 좌측통행이 원칙이며, 역주행은 위험하고 중대한 사고로 이어질 가능성이 크다.",자전거 안전이용 5칙｜경찰청 · 도로교통법 제63조의4 제2항
우산 사용 운전,고급, 한 손 운전에 대한 정리로 가장 적절한 것은 무엇인가?,한 손 운전에 대해서는 법률상 전혀 언급되어 있지 않다.,한 손 운전은 어린이만 금지된다.,보도를 통행하면 일시정지할 필요가 없다.,우산을 쓰지 않았다면 한 손 운전은 언제나 문제없다.,3,"우산 운전뿐 아니라 안정성을 해치는 한 손 운전도 안전운전의무 위반으로 평가될 수 있으며, 운전 형태 전체를 종합적으로 판단한다.",경찰청 자전거 포털 사이트 · 자전거 운전자 강습 제도 수강 명령 불이행 시 벌칙
기본 규칙,초급,일반 자전거가 보도를 통행할 때의 의무로 가장 적절한 것은 무엇인가?,보도를 통행할 경우 자전거는 항상 내려서 끌고 가야 한다.,보도 중앙 부근을 빠른 속도로 통행해도 된다.,"보도 중앙에서 차도 쪽(보통자전거 통행 지정 부분이 있으면 그 부분)을 서행하고, 보행자의 통행을 방해할 경우 일시정지한다.","보도 중앙에서 차도 쪽 부분을 서행하고, 보행자 통행을 방해하는 경우에는 일시정지해야 한다.",4,"일반자전거는 보도를 통행할 경우 보도 중앙에서 차도 쪽 부분(일반자전거 통행지정 부분이 있으면 그 부분)을 서행해야 하며, 보행자 통행을 방해할 경우 일시정지해야 한다.",도로교통법 시행규칙 · 도로교통법 제63조의4
자전거 운전자 교육,고급,자전거 운전자 강습 수강 명령에 따르지 않은 경우의 취급으로 올바른 것은 무엇인가?,면허 벌점만 추가된다.,특별한 처벌은 없다.,자전거는 교통량이 적으면 적신호에도 진행할 수 있다.,5만 엔 이하의 벌금이 부과될 수 있다.,4,자전거 운전자 강습 수강 명령에 따르지 않으면 5만 엔 이하의 벌금이 부과될 수 있다.,경찰청 자전거 포털 사이트 · 경찰청 범칙행위 일람 속도 초과
기본 규칙,고급, 자전거의 보도 통행에 대한 도로교통법상의 기본적인 사고방식으로 가장 적절한 것은 무엇인가?,보도 통행에 관한 규정은 존재하지 않는다.,위험을 느끼면 항상 보도 통행이 의무화된다.,빨간색만 해당한다.,"차도 통행이 원칙이며, 표지·표시 또는 아동 등의 조건을 충족하는 경우에만 보도 통행이 허용된다.",4,"자전거는 경차량으로서 원칙적으로 차도를 통행해야 하며, 보도 통행은 표지 또는 특정 요건을 충족하는 경우에만 허용된다.",경시청 자전거 교통규칙 · 승차 제한 등 · 자전거 2인 탑승은 원칙적으로 금지
속도위반,고급, 자전거의 속도에 관한 설명으로 올바른 것은 무엇인가?,자전거는 표지판의 속도 제한을 받지 않는다.,속도위반은 원동기장치자전거에만 적용되는 제도이다.,"7,000엔",자전거에는 속도위반 개념이 없다.,3,"범칙행위 목록에는 경차량의 속도위반도 포함되며, 초과 속도에 따라 범칙금이 정해져 있다.",경시청 자전거 포털 사이트 · 경시청 자전거 안전이용 촉진 페달 부착 원동기장치자전거
탑승 제한,초급, 자전거의 2인 탑승에 관한 원칙으로 올바른 것은 무엇인가?,항상 허용된다.,보도 위라면 항상 허용된다.,원칙적으로 도로 중앙 부근을 통행한다.,원칙적으로 금지되어 있다.,4,경시청 교통규칙 해설에 따르면 자전거의 2인 승차는 원칙적으로 금지된다.,자전거 안전이용 5칙｜경찰청 · 도로교통법 제54조
페달 부착 원동기장치자전거,초급, 페달이 달린 차량에 관한 설명으로 올바른 것은 무엇인가?,스로틀이 있거나 전동 어시스트 기준에 부적합하면 자전거가 아니라 원동기장치자전거 등에 해당할 수 있다.,페달이 달린 차량은 모두 면허가 필요 없다.,자전거도로가 설치된 도로의 모든 구간,페달이 달려 있으면 반드시 자전거이다.,1,경시청은 페달이 있더라도 스로틀 장착형이나 전동보조 기준에 맞지 않는 차량은 자전거가 아니라 일반 원동기부자전거나 자동차에 해당할 수 있다고 안내하고 있다.,도로교통법 시행규칙 · 도로교통법 시행규칙 제9조의2의3
위험행위,고급, 자전거 경음기 사용에 대해 도로교통법 제54조의 취지에 부합하는 것은 무엇인가?,보행자에게 길을 비키게 하기 위해 항상 벨을 울려도 된다.,경음기 사용에 관한 규정은 자동차에만 적용된다.,"야간에는 전조등을 켜고, 후방에는 반사기재 또는 미등을 갖춘 자전거만 운전해야 한다.",시가지에서는 경음기 사용이 일절 금지되어 있다.,3,"도로교통법 제54조는 시야가 좋지 않은 교차로 등에서 표지로 지정된 경우나 위험 방지를 위해 불가피한 경우에만 경음기를 사용하도록 하고, 그 외 불필요한 사용은 금지하고 있다.",도로교통법 · 도로교통법 제44조·제45조
기본 규칙,고급, 보통자동차로 안전하게 차도를 통행하는 데 지장을 초래할 정도의 신체장애는 어느 법률의 별표에 규정된 장애인가?,장애인복지법.,도로운송차량법.,보도 통행 중이라면 관계없다.,노동기준법,1,제9조의2의3은 장애인복지법 별표에 규정된 장애를 준용하고 있다.,경시청 자전거 포털 사이트 · 경시청 범칙행위 일람 공안위원회 준수사항 위반
위험행위,고급, 자전거 주차에 관해 도로교통법상 ‘주차·정차 금지’ 장소로 적절한 것은 무엇인가?,자전거 주차장으로 지정된 공간.,차도 중앙.,항상 2m 이상 간격을 두어야 한다.,횡단보도 및 그 전후 일정 거리 구간,4,"횡단보도나 교차로 부근 등은 주정차 금지구역이며, 자전거도 다른 차량과 마찬가지로 주차해서는 안 되는 장소가 있다.",도로교통법 시행규칙 · 도로교통법 제24조의2·제62조의7
이어폰 사용,초급, 이어폰 등으로 주변 소리가 들리지 않는 상태의 운전과 관련되기 쉬운 위반 유형 및 범칙금의 조합으로 가장 적절한 것은 무엇인가?,"무등화 / 5,000엔.","신호위반 / 6,000엔.","6,000엔","휴대전화 사용 등(손에 들고 사용)/12,000엔",3,"이어폰 규정은 각 도도부현 공안위원회 규칙에 근거하며, 범칙행위 목록에서는 공안위원회 준수사항 위반으로 정리된다. 지역별 차이와 규정 문구 차이가 있으므로 실제로는 개별 확인이 필요하다.",도로교통법 제7조 · 신호기의 표시를 따라야 할 의무
기본 규칙,고급, 자전거 횡단대가 없는 교차로에서 자전거의 횡단 방법으로 가장 적절한 것은 무엇인가?,횡단보도에서는 자전거를 타고 통행하는 것이 의무이다.,교차로에서는 차량으로서의 통행 방법에 따라 직진·우회전·좌회전을 하면서 횡단한다.,벨을 울려 보행자를 비키게 해도 된다.,반드시 자전거에서 내려 보행자로서 횡단해야 한다.,2,자전거 횡단대가 없는 경우 자전거는 차량으로서 교차로 통행 원칙에 따라 횡단해야 한다.,"도로교통법 시행규칙・도로교통법 제24조의2, 제62조의7"
벌칙·책임,고급, 자전거 사고에서 손해배상 책임에 대한 가장 적절한 설명은 무엇인가?,자전거 사고라도 민법상 불법행위 책임에 따라 고액의 손해배상 명령이 내려질 수 있다.,책임은 자전거 판매점이 지며 운전자 본인은 책임을 지지 않는다.,차도의 오른쪽 가장자리를 통행한다. 7,자전거는 경차량이므로 인명사고를 내도 손해배상 의무가 발생하지 않는다.,1,민법 제709조 등에 근거하여 자전거 사고에서도 고액의 손해배상 책임이 인정된 판례가 다수 존재한다.,
기본 규칙,초급, 자전거로 횡단보도를 이용해 도로를 건널 경우 어떤 신호를 따라야 하는가?,항상 보행자 신호만 따른다.,「보행자·자전거 전용」이라고 표시된 보행자 신호가 있는 경우 그 신호를 따른다.,항상 차량용 신호만 따른다.,파란 신호라면 어느 쪽이든 따라도 된다. 7,2,‘보행자·자전거 전용’ 신호기가 설치된 경우 자전거는 그 신호를 따라야 한다.,도로교통법 제7조・신호기의 표시를 따라야 할 의무
기본 규칙,초급, 도로교통법 제2조에서 자전거는 어떤 구분에 포함된다고 규정되어 있는가?,보행자.,구분 없음.,자동차,경차량,4,도로교통법 제2조에 따르면 자전거는 ‘경차량(軽車両)’에 포함된다. 따라서 자전거에는 경차량으로서의 교통규칙이 적용된다.,자전거 안전이용 5원칙(경시청)・도로교통법 제2조
기본 규칙,고급,보도에서 차도로 진입할 때 자전거 운전 방법으로 안전운전의무에 가장 부합하는 것은 무엇인가?,차량용 신호가 파란불이면 안전 확인은 필요 없다.,차도의 교통상황은 확인하지 않고 횡단보도 유무만 확인한다.,보도에서 달리던 것과 같은 속도로 차도에 진입한다.,일시정지나 서행을 하며 차량과 보행자의 동향을 충분히 확인한 후 진입한다.,4,차도로 진입할 때에는 다른 차량이나 보행자와의 충돌을 피하기 위해 충분한 안전 확인이 필요하다.,"도로교통법・도로교통법 제112조, 제38조"
속도위반,고급,경차량의 속도위반 중 15km/h 미만 초과 시 범칙금은 얼마인가?,"5,000엔.","6,000엔.","7,000엔","10,000엔",2,"경찰청의 범칙행위 목록에 따르면 경차량의 속도위반은 15km/h 미만 초과 시 범칙금 6,000엔이다.",경찰청 자전거 포털사이트・경찰청 범칙행위 일람표・속도 초과
일시정지,고급,자전거의 지정장소 일시정지 불이행 등의 범칙금으로 올바른 것은 무엇인가?,"5,000엔.","6,000엔.","7,000엔","12,000엔",1,"경찰청의 범칙행위 목록에 따르면 경차량의 지정장소 일시정지 위반 등은 범칙금 5,000엔이다.",경찰청 자전거 포털사이트・경찰청 범칙행위 일람표・지정장소 일시정지 불이행 등
범칙금 제도,고급,범칙금(청색 딱지)이 아닌 형사절차로 처리되기 쉬운 사례로 가장 적절한 것은 무엇인가?,벨 미사용.,안장 높이 조절 불량.,경미한 무등화(전조등 미점등),음주운전(주취·주기 상태 운전) 등의 중대한 위반,4,"제도 설명에 따르면 음주운전, 만취운전 등의 중대한 위반이나 사고 발생 시에는 적색 딱지(형사절차) 대상이 되기 쉽다고 정리되어 있다.",경시청 자전거 포털사이트・정부홍보 온라인・청색 딱지와 적색 딱지의 구분
위험행위,고급,자전거 사고에서의 법적 책임에 대한 일반적인 설명으로 적절한 것은 무엇인가?,타인에게 손해를 입힌 경우 과실이 있으면 고액의 손해배상 책임을 질 수 있다.,자전거 보험은 존재하지 않는다.,자전거 사고에서는 가해자가 손해배상 책임을 지지 않는다.,보행자와의 사고인 경우에만 책임이 발생한다.,1,자전거 사고라도 중대한 후유장애 등이 남는 경우 수천만 엔 규모의 손해배상 책임이 발생할 수 있어 자전거 보험 가입이 강하게 권장되고 있다.,도로교통법・민법 및 도로교통법 관련 제709조 등
기본 규칙,고급,도로교통법상 ‘일반 자전거(보통자전거)’에 해당하는 조건으로 가장 적절한 설명은 무엇인가?,원동기만으로 주행하는 원동기장치자전거.,페달이 달려 있으면 크기와 관계없이 모두 일반 자전거이다.,"차체의 크기·구조가 기준에 적합하고, 다른 차량을 견인하지 않는 자전거",바퀴가 3개 이상인 자전거라면 모두 일반 자전거이다.,3,보통자전거는 차체의 크기 및 구조가 내각부령 기준에 적합하고 다른 차량을 견인하지 않는 자전거로 정의된다.,"자전거 안전이용 5원칙(경찰청)・도로교통법 제2조, 제63조의3, 시행규칙 제9조의2"
신호,고급,자전거가 준수해야 하는 신호에 관한 설명으로 가장 적절한 것은 무엇인가?,항상 보행자용 신호만 지킨다.,자전거는 신호 규제의 대상이 아니다.,자신이 통행하는 방법에 따라 마주 보는 신호를 따라야 한다.,항상 차량용 신호만 따라야 한다.,3,"경찰청 해설에 따르면 차도 주행 시에는 차량용 신호를, 보도 주행 시에는 상황에 따라 보행자용 신호를 따르는 등 자신과 마주하는 신호를 따라야 한다.",경찰청 자전거 포털사이트・경찰청 자전거 교통규칙・좌측 통행 및 마주 보는 신호기 준수
범칙금 제도,고급,자전거 범칙금(청색 딱지)의 범칙금을 납부하지 않은 경우에 대한 설명으로 올바른 것은 무엇인가?,면허 벌점만 추가된다.,반드시 당일 즉시 체포된다.,자동으로 무효가 된다.,통고센터에서의 절차를 거친 후에도 납부하지 않으면 형사절차로 이행될 수 있다.,4,"범칙금을 임시 납부하지 않으면 통고센터 절차가 진행되며, 그 후에도 납부하지 않으면 형사절차로 이행될 수 있다.",경찰청 자전거 포털사이트・경찰청 자전거 포털사이트・미납부 시 절차
기본 규칙,고급,‘자전거 및 보행자 전용’ 표지가 있는 자전거·보행자 겸용도로에서 자전거의 통행 방법으로 가장 적절한 것은 무엇인가?,보행자보다 자전거가 우선이므로 속도 제한 없이 통행할 수 있다.,도로교통법상 규정이 없으므로 자유롭게 통행할 수 있다.,항상 자전거에서 내려 끌고 걸어야 한다.,보행자의 통행을 방해하지 않는 속도와 방법으로 통행한다.,4,자전거·보행자 겸용도로에서는 자전거도 통행할 수 있으나 보행자의 통행을 방해하지 않는 속도와 방법으로 운전해야 한다.,"도로교통법・도로교통법 제2조, 제63조의4"
위험행위,고급,도로교통법 제65조에 따른 자전거 음주운전에 대한 설명으로 올바른 것은 무엇인가?,술에 취한 상태로 차량 등(자전거 포함)을 운전하는 것은 금지되어 있다.,술을 제공한 사람만 처벌 대상이며 운전자는 처벌되지 않는다.,술기운이 있어도 비틀거리지 않으면 문제없다. 7,자전거는 차량이 아니므로 음주운전 규제를 받지 않는다.,1,"도로교통법 제65조는 술에 취한 상태에서 차량 등을 운전하는 것을 금지하고 있으며, 자전거도 그 대상에 포함된다.",자전거 안전이용 5원칙(경찰청)・도로교통법 제65조
기본 규칙,고급,자전거 및 보행자 전용 표지가 있는 자전거·보행자 겸용도로에서 자전거의 통행 방법으로 가장 적절한 것은 무엇인가?,항상 자전거에서 내려 끌고 걸어야 한다.,도로교통법상 규제가 없으므로 자유롭게 통행할 수 있다.,보행자보다 자전거가 우선이므로 속도 제한 없이 통행해도 된다.,보행자의 통행을 방해하지 않는 속도와 방법으로 통행한다.,4,"자전거·보행자 겸용도로에서는 자전거도 통행할 수 있지만, 보행자의 통행을 방해하지 않는 속도와 방법으로 운전해야 한다.","도로교통법・도로교통법 제2조, 제63조의4"
측방 통과,고급,"측방 통과 규칙에서 ‘약 1m’, ‘약 20~30km/h’의 취급에 대한 설명으로 올바른 것은 무엇인가?",자전거에만 적용되는 기준이다.,고속도로 전용 기준.,법률에 고정된 수치로 명시된 절대 기준,"어디까지나 기준일 뿐이며, 구체적인 상황에 따라 판단된다.",4,"경찰청 자료에서는 1m 정도의 간격이나 시속 20~30km 정도는 어디까지나 기준 예시일 뿐이며, 도로 및 교통 상황에 따라 판단된다고 설명한다.",경찰청 자전거 포털사이트・경찰청 측방 통과 설명자료・통행 방법의 기준
위험행위,고급,도로교통법 제63조의9 및 시행규칙 제9조의3에 따른 자전거 제동장치 기준으로 적절한 것은 무엇인가?,경기용 자전거라면 공도에서도 브레이크가 필요 없다.,앞바퀴 또는 뒷바퀴 중 하나만 제동할 수 있으면 된다.,"앞바퀴와 뒷바퀴 모두 제동할 수 있어야 하며, 일정 거리 내에서 원활하게 정지할 수 있는 성능이 필요하다.",발로 땅을 끌어 멈출 수 있다면 브레이크는 필요 없다.,3,"자전거는 앞바퀴와 뒷바퀴를 제동할 수 있는 장치를 갖추고, 정해진 거리 안에서 원활하게 정지할 수 있는 성능이 필요하다.","자전거 안전이용 5원칙(경찰청)・도로교통법 제63조의9, 시행규칙 제9조의3"
헬멧,초급,자전거 헬멧의 법적 지위에 대한 설명으로 올바른 것은 무엇인가?,"착용 의무이며, 미착용 시 범칙금(청색 딱지) 대상이다.",임의사항이며 법률상 전혀 규정되어 있지 않다.,"노력의무이며, 미착용 자체를 이유로 한 범칙금 부과 유형은 없다.",미착용 시 면허정지가 된다.,3,자전거 헬멧은 노력의무이다. 미착용 자체를 이유로 하는 범칙금 항목은 없다.,경시청 자전거 포털사이트・도로교통법 제63조의11
특정소형원동기장치자전거,초급,특정소형원동기장치자전거의 연령 제한으로 올바른 것은 무엇인가?,15세 이상.,13세 이상.,연령 제한은 없다.,16세 미만은 금지,4,특정소형원동기부자전거는 면허가 필요 없지만 16세 미만의 운전은 금지되어 있다.,경시청 자전거 포털사이트・경시청 특정소형원동기부자전거 교통규칙 연령 제한
기본 규칙,고급,다음 중 시행규칙상 일반 자전거 기준을 모두 충족할 가능성이 가장 높은 것은 무엇인가?,"길이 180cm, 폭 65cm, 이륜, 사이드카 없음, 운전자 좌석과 유아용 좌석만 있음.","길이 185cm, 폭 55cm, 이륜, 측차 없음, 운전자용 좌석과 유아용 좌석만 있으며 앞뒤 브레이크가 장착되어 있다.",길이 195cm·폭 55cm·삼륜·사이드카 없음·승차장치는 운전자석과 후방 벤치 시트,길이 185cm·폭 55cm·5륜·사이드카 없음·운전자 좌석만 있음,2,"2번만이 길이·폭·바퀴 수(4륜 이하), 승차장치(유아용 좌석 외 없음), 제동장치 등의 조건을 자연스럽게 충족한다.",도로교통법 시행규칙・도로교통법 시행규칙 제9조의2의2
벌칙·책임,초급,아동 또는 유아가 자전거에 탑승하는 경우 헬멧 착용에 대한 보호자의 책임으로 가장 적절한 설명은 무엇인가?,보호자가 아니라 학교가 책임을 진다.,보호자는 아동 등이 승차용 헬멧을 착용하도록 노력할 의무가 있다.,"보호자는 반드시 헬멧을 착용시키어야 하며, 위반 시 즉시 형사처벌을 받는다.",착용시킬지 여부는 완전히 자유이며 법적 규정이 없다.,2,도로교통법 제63조의11에 따라 보호자의 ‘노력의무’로 규정되어 있다.,도로교통법 시행규칙・도로교통법 제63조의11
헬멧 규제의 차이,고급,헬멧 규제에 대한 설명으로 가장 적절한 것은 무엇인가?,"자전거는 헬멧 착용이 완전 의무이며, 특정소형원동기장치자전거는 필요 없다.",외형이 자전거와 비슷한 탈것은 모두 동일한 헬멧 규제를 받는다.,"자전거, 특정소형원동기부자전거, 일반 원동기부자전거는 법적 구분이 다르며 헬멧 규정도 동일하지 않다.",원동기장치자전거도 페달이 있으면 헬멧이 필요 없다.,3,"자전거, 특정소형원동기부자전거, 일반 원동기부자전거는 법적 구분이 다르며, 외형이 비슷해도 헬멧 규제를 동일하게 보면 안 된다.",경찰청 자전거 포털사이트・경찰청 자료・자전거와 특정소형원동기부자전거의 차이
단속 방침,고급,‘단순히 보도를 통행했을 뿐인 경우’에 대해 경찰청 FAQ에 부합하는 설명은 무엇인가?,원칙적으로 지도·경고의 대상이 된다.,위반에 해당하지 않는다.,반드시 적색 딱지(형사절차 대상)가 발부된다.,원칙적으로 즉시 청색 딱지(범칙금 부과) 대상이다.,1,경찰청 FAQ에 따르면 단순히 보도를 주행한 경우는 원칙적으로 지도·경고 대상이다.,경찰청 자전거 포털사이트・자전거 포털사이트 FAQ・지도경고 사례
위험행위,초급,도로표지 등으로 일반 자전거의 병렬 주행이 허용된 도로에서 병렬 주행 가능한 대수로 올바른 것은 무엇인가?,2대까지.,제한 없음.,3대까지,1대만 가능,1,제63조의5에 따라 표지 등으로 병진 주행이 허용되더라도 보통자전거는 2대까지만 병진할 수 있다.,도로교통법 제63조의5・보통자전거 병진이 허용되는 경우의 특례
주정차,고급,자전거의 주정차에 대한 설명으로 올바른 것은 무엇인가?,자전거라면 횡단보도 부근에도 자유롭게 주차할 수 있다.,자전거를 포함한 경차량에도 주정차 위반 및 방치주차 위반 유형이 있다.,보도 위라면 언제나 자유롭게 주차할 수 있다.,자전거에는 주정차 위반이라는 개념이 없다.,2,경찰청 범칙행위 목록에는 경차량의 주정차 위반 및 방치주차 위반도 포함되어 있다.,경찰청 자전거 포털사이트・경찰청 범칙행위 일람표・방치주차 위반 및 주정차 위반
위험행위,고급,여러 사람이 함께 자전거를 주행할 때의 도로교통법상 원칙으로 적절한 것은 무엇인가?,단체 주행이라면 교통규제 적용 대상에서 제외된다.,표지판이 없어도 원하는 대수만큼 나란히 주행해도 된다.,"원칙적으로 병진 주행은 금지이며, 표지로 허가된 경우에도 2대까지만 가능하다.",자동차만 병진(나란히 주행) 금지 대상이다.,3,"자전거의 병진은 원칙적으로 금지되며, 특별히 허가된 경우에도 2대까지만 가능하다.","도로교통법・도로교통법 제19조, 제63조의5"
기본 규칙,고급,자전거가 도로를 횡단하려고 할 때 자전거 횡단대가 있는 부근에서의 통행 방법으로 올바른 것은 무엇인가?,자전거 횡단대가 있는 장소 부근에서는 해당 자전거 횡단대를 이용해 도로를 횡단해야 한다.,보행자 횡단보도를 자전거에서 내리지 않고 그대로 타고 건너야 한다.,자전거 횡단대가 있어도 임의의 장소에서 횡단해도 된다.,횡단 시에는 반드시 자전거에서 내려 끌고 걸어야 한다.,1,도로교통법 제63조의6에 따라 자전거는 도로를 횡단할 때 자전거횡단도가 있는 장소 부근에서는 그 자전거횡단도를 이용해야 한다.,자전거 안전이용 5원칙(경찰청)・도로교통법 제63조의6
우산 사용 운전,고급,우산을 쓰고 자전거를 운전하는 행위에 대한 취급으로 가장 적절한 것은 무엇인가?,전국적으로 일률적으로 명문 규정상 항상 적법하다.,많은 지역에서 공안위원회 규칙 위반 등에 해당할 수 있으므로 원칙적으로 피해야 한다.,한 손 운전이라도 안전운전의무와는 관계없다.,비 오는 날에는 자동으로 적법해진다.,2,우산을 쓰고 운전하는 행위는 많은 지역에서 공안위원회 규칙 위반이 될 수 있으며 안전운전의무 위반으로 평가될 가능성도 있다.,경찰청 자전거 포털사이트・도도부현 공안위원회 규칙・도로교통법 제70조 우산 운전
위험행위,고급,도로교통법 제26조의2에 따른 자전거의 진로 변경에 관한 설명으로 적절한 것은 무엇인가?,뒤차의 속도나 진행 방향에 영향을 주지 않는다면 급격한 진로 변경도 허용된다.,자전거에는 진로 변경에 관한 규정이 적용되지 않는다.,뒤따르는 차량 등에 급격한 속도·방향 변경을 하게 할 우려가 있는 경우에는 진로 변경을 해서는 안 된다.,진로 변경은 언제든 자유롭게 할 수 있다.,3,"도로교통법 제26조의2는 차량이 함부로 진로를 변경해서는 안 되며, 뒤 차량에 급격한 속도·방향 변경을 강요할 우려가 있는 경우 진로 변경을 금지하고 있고, 이는 자전거에도 적용된다.",자전거 안전이용 5원칙(경찰청)・도로교통법 제26조의2
기본 규칙,고급,차로가 설치된 도로에서 자전거가 통행해야 할 위치로 가장 적절한 것은 무엇인가?,가장 오른쪽 차로를 통행한다.,차로 구분과 관계없이 비어 있는 차선을 자유롭게 선택할 수 있다.,"왼쪽 차로를 통행하고, 그 차로의 왼쪽 부분을 통행한다.",보도와 차도를 자유롭게 오갈 수 있다.,3,차로가 있는 경우에도 자전거는 원칙적으로 가장 왼쪽 차로를 이용하고 그 차로의 왼쪽 부분을 통행해야 한다.,도로교통법・도로교통법 제20조
특정소형원동기장치자전거,고급,특정소형원동기장치자전거에 대해서도 올바른 설명은 무엇인가?,번호판과 의무보험(자배책보험) 가입이 필요하다.,보도 주행 전용이며 보험은 필요 없다.,자전거와 동일하여 번호판이 필요 없다.,16세 미만도 번호판이 있으면 운전할 수 있다.,1,특정소형원동기부자전거는 자전거가 아니라 원동기부자전거의 일종이며 번호판 부착과 자배책보험 가입이 필요하다.,경찰청 자전거 포털사이트・경찰청 특정소형원동기부자전거 교통규칙・번호판 등
기본 규칙,고급,"자전거의 진로 변경, 우회전·좌회전에 관한 신호(수신호)의 취지로서 도로교통법 제53조에 부합하는 것은 무엇인가?",주변 교통에 영향을 줄 가능성이 있는 경우 미리 신호를 하고 충분한 여유를 두고 진로 변경 및 우회전·좌회전을 해야 한다.,보도에서는 방향지시 신호를 해서는 안 된다.,자전거에는 수신호 의무가 없다.,속도를 높여 한 번에 돌면 방향지시는 필요 없다.,1,방향지시는 진로 변경이나 우회전·좌회전 시 다른 교통에 위험을 주지 않기 위한 중요한 의사소통 수단이다.,도로교통법・도로교통법 제53조
음주운전,고급,자료에서 설명하는 음주 상태의 기준으로 올바른 것은 무엇인가?,호흡 1L당 알코올 0.05mg 또는 혈중알코올농도 0.1mg/ml.,호흡 1L당 알코올 농도 0.15mg 또는 혈중 알코올 농도 0.3mg/ml.,호흡 1L당 알코올 0.3mg 또는 혈중 알코올 농도 0.15mg/ml,명확한 수치 기준은 없다.,2,자료에서는 음주 상태 기준으로 호흡 0.15mg/L 또는 혈중 0.3mg/ml가 제시되어 있다.,경찰청 자전거 포털사이트・자전거 규칙 책자・음주 상태 기준
위험행위,고급,유아를 자전거에 동승시키는 경우의 취급에 대해 도로교통법 및 관련 기준의 취지에 가장 부합하는 것은 무엇인가?,법률상 유아 동승에 대한 제한은 없다.,짐받이에 아이를 세워 태워도 단거리라면 문제없다.,성인이 안고 있으면 어떤 자전거라도 동승시켜도 된다.,유아용 좌석이 자전거에 설치된 경우 등 기준을 충족하는 방법으로 동승시킨다.,4,유아 동승 자전거나 유아용 좌석 등 기준에 적합한 장치를 사용하는 것이 안전 확보의 전제이다.,"도로교통법・도로교통법 제57조, 제63조의11"
위험행위,고급,청각장애 기준으로 정해진 내용에 가장 가까운 것은 무엇인가?,5m 거리에서 60dB의 소리를 들을 수 있어야 한다.,10m 거리에서 90dB의 경음기 소리가 들릴 것.,20m 거리에서 40dB의 소리가 들릴 것,거리나 음량에 대한 구체적인 기준은 없다.,2,제9조의7의2에 따르면 10m 거리에서 90dB의 경음기 소리가 들리는 것이 청각장애 기준으로 정해져 있다.,도로교통법 시행규칙・도로교통법 시행규칙 제9조의7의2
기본 규칙,고급,보행자·자전거 전용 신호기와 자전거 횡단대가 설치된 교차로에서 자전거가 횡단 시 따라야 할 신호로 올바른 것은 무엇인가?,보행자·자전거 전용 신호기.,차량용 신호만 따른다.,특별한 규정은 없다.,보행자용 신호만 따른다.,1,도로교통법 제7조 및 시행령 제2조에 따라 해당 신호기의 표시를 따라야 한다.,"도로교통법 시행규칙・도로교통법 제7조, 도로교통법 시행규칙 제2조"
기본 규칙,고급,자전거가 보도를 통행하는 경우 통행 위치로서 도로교통법상 가장 적절한 것은 무엇인가?,건물 측 가장자리 부근.,보도 중앙부.,차도 쪽 부분,특별한 규정은 없다.,3,보도 통행 시에는 보행자의 안전을 위해 원칙적으로 차도 쪽 부분을 통행하도록 규정되어 있다.,도로교통법 시행규칙・도로교통법 제63조의4
통행금지,고급,자전거 통행금지 등의 규제가 있는 도로에 진입한 경우의 취급으로 올바른 것은 무엇인가?,자전거는 적용 대상이 아니다.,통행금지 위반이 될 수 있다.,표지판보다 자신의 판단이 우선한다.,보도를 이용하면 무조건 진입할 수 있다.,2,자전거가 규제 대상인 통행금지 구역을 통행하면 통행금지 위반이 될 수 있다.,경찰청 자전거 포털사이트・자전거 포털사이트 단속 관련・통행금지 위반
기본 규칙,초급,횡단보도 부근에서의 자전거 의무에 대해 도로교통법 제38조의 취지에 가장 부합하는 것은 무엇인가?,보행자가 있어도 속도만 줄이면 된다.,보행자보다 차량이 우선이므로 그대로 진행해도 된다.,자전거에는 횡단보도에서의 특별한 의무가 없다.,보행자가 횡단하려고 할 때에는 그 통행을 방해하지 않도록 일시정지 등의 조치를 취한다.,4,제38조는 횡단보도에서의 보행자 우선을 규정하고 있으며 자전거도 보행자의 통행을 방해해서는 안 된다.,도로교통법・도로교통법 제38조
벌칙·책임,고급,자전거 운전자 강습 제도에 대한 설명으로 가장 적절한 것은 무엇인가?,일정한 위험행위를 반복한 경우 자전거 운전자 강습을 받도록 명령받을 수 있다.,자전거에는 강습 제도가 없으므로 아무리 위반해도 강습을 받을 일은 없다.,강습은 희망자만 받을 수 있으며 위반과는 관계없다.,강습을 받지 않으면 자전거 면허가 일률적으로 취소된다.,1,도로교통법 제108조의3의4에 따라 지정된 위험행위를 반복하면 강습 명령 대상이 된다.,도로교통법 시행규칙・도로교통법 제108조의3의4
이어폰 사용,고급,골전도·오픈이어형 이어폰의 취급에 대한 설명으로 가장 적절한 것은 무엇인가?,골전도·오픈이어 이어폰은 항상 위반이다.,골전도 이어폰이라면 항상 적법하다.,오픈이어 이어폰이면 항상 적법하다.,"성능, 음량, 주변 소리의 청취 가능 여부 등을 종합해 개별적으로 판단한다.",4,경찰청 통달에 따르면 골전도·오픈이어형 이어폰도 외형만으로 일률 판단하지 않고 성능과 음량 등을 종합적으로 고려해 개별 판단한다.,경찰청 자전거 포털사이트・경찰청 통달・골전도 및 오픈이어형 기기의 취급
등화·라이트,초급,야간 자전거 주행에 대한 설명으로 올바른 것은 무엇인가?,야간에는 전조등을 켜야 한다.,가로등이 있으면 전조등 없이 주행해도 된다.,반사재가 있으면 라이트는 필요 없다.,보도 주행 중에는 라이트가 필요 없다.,1,야간에는 반드시 전조등을 켜야 하며 가로등 유무나 보도 주행 여부는 관계없다.,경시청 자전거 포털사이트・경시청 자전거 교통규칙・야간에는 라이트 점등
역주행·통행구분,초급,자전거 역주행에 가장 가까운 위반 유형은 무엇인가?,통행구분 위반.,차단기가 내려진 건널목 진입.,신호 위반,무등화(전조등 미점등),1,차도에서 우측통행(역주행)은 통행구분 위반에 해당할 수 있다.,자전거 포털사이트・단속 관련・통행구분 위반・우측 통행이나 보도 통행 등은 악질적·위험한 경우 청색 딱지 대상이 될 수 있음
페달 부착 원동기장치자전거,고급,기준에 맞지 않는 ‘전동 어시스트 자전거’ 제품에 대한 설명으로 올바른 것은 무엇인가?,"일반 원동기장치자전거 등에 해당하며, 면허·헬멧·번호판 등이 필요할 수 있다.",보도 주행은 항상 가능하다.,13세 미만이면 자유롭게 운전할 수 있다.,자전거와 동일하게 취급되며 면허와 번호판도 필요 없다.,1,경찰청 자료에 따르면 기준에 맞지 않는 제품은 일반 원동기부자전거 등에 해당하여 면허·헬멧·번호판 등이 필요할 수 있다.,경찰청 자전거 포털사이트・경찰청 공표 자료・전동어시스트 자전거와의 차이
주행 중 스마트폰 사용,초급,자전거의 ‘휴대전화 사용 등(손에 들고 사용)’ 위반 범칙금으로 올바른 것은 무엇인가?,"12,000엔.","5,000엔.","6,000엔","15,000엔",1,"경시청 범칙행위 목록에 따르면 경차량의 휴대전화 사용(손에 들고 사용) 범칙금은 12,000엔이다.",경시청 자전거 포털사이트・경시청 범칙행위 일람표・휴대전화 사용 등(손에 들고 사용)
병렬 주행,초급,자전거 병렬 주행에 대한 설명으로 올바른 것은 무엇인가?,항상 허용된다.,"원칙적으로 금지이며, 병진 가능 표지 등이 있는 경우에만 예외적으로 허용된다.",보도 위에서만 항상 허용된다.,아이들끼리라면 항상 허용된다.,2,자전거 병진은 원칙적으로 금지되며 병진 가능 표지가 있는 경우에만 예외적으로 허용된다.,경시청 자전거 포털사이트・경시청 자전거 교통규칙・병진 금지
벌칙·책임,고급,자전거 손해배상책임보험 등의 최근 경향에 대한 설명으로 가장 적절한 것은 무엇인가?,"가입을 권장하며, 의무 또는 노력의무로 하는 지자체가 늘고 있다.",가입은 고등학생 이상만 가능하다.,가입을 금지하는 조례가 늘어나고 있다.,자전거 보험이라는 제도는 존재하지 않는다.,1,고액 배상 사례 증가에 따라 많은 지방자치단체가 자전거 보험 가입을 의무 또는 노력의무로 규정하고 있다.,도로교통법 시행규칙・각 지방자치단체 조례 및 자전거 활용 추진법
범칙금 제도,고급,범칙금(청색 딱지)이 아닌 형사절차로 처리되기 쉬운 사례에 대한 설명으로 가장 적절한 것은 무엇인가?,음주운전·만취운전 등의 중대한 위반.,경미한 무등화 주행.,안장 높이 조절 불량,벨 미사용,1,제도 설명에서는 음주운전·만취운전 등의 중대한 위반이나 사고 발생 시 적색 딱지(형사절차) 대상이 되기 쉽다고 정리되어 있다.,경찰청 자전거 포털사이트・정부홍보 온라인・청색 딱지와 적색 딱지의 구분
기본 규칙,초급,자전거의 유지·점검에 대한 도로교통법상의 취지에 부합하는 것은 무엇인가?,기준에 맞지 않는 브레이크나 등화류로 주행하면 안전운전의무 위반으로 판단될 수 있다.,라이트만 점검하면 문제없다.,점검·정비 의무는 사업용 자전거에만 있다.,의무 장비인 브레이크나 라이트가 작동하지 않아도 자전거라면 운전할 수 있다.,1,"안전한 운전을 위해 브레이크와 등화장치 정비는 필수이며, 정비 불량은 사고 시 책임에도 영향을 준다.","도로교통법・도로교통법 제63조의9, 제70조"
자전거 운전자 교육,초급,자전거 운전자 강습 수강 명령이 내려지는 요건으로서 안내 내용에 부합하는 것은 무엇인가?,면허 보유자만 대상이다.,청색 범칙금 1회를 받으면 반드시 명령이 내려진다.,위반을 1회만 해도 반드시 명령이 내려진다.,위험행위로 3년 이내 2회 이상 적발되면 대상이 될 수 있다.,4,홍보 자료에 따르면 위험행위로 3년 이내 2회 이상 검거되면 자전거 운전자 강습 수강 명령 대상이 될 수 있다.,경시청 자전거 포털사이트・자전거 운전자 강습 제도・수강 명령 요건
범칙금 제도,초급,2026년 4월 1일부터 자전거에 도입된 제도로 올바른 것은 무엇인가?,자전거 면허 제도.,자전거 차량검사 제도.,자전거세 제도,교통범칙 통고제도(청색 딱지 제도),4,2026년 4월 1일부터 자전거에도 일정한 교통위반에 대해 교통범칙통고제도(청색 딱지)가 도입되었다.,경시청 자전거 포털사이트・경시청 자전거 포털사이트・교통범칙 통고 제도
위험행위,초급,자전거가 철도 건널목을 통과할 때의 의무로서 도로교통법 제33조에 따라 올바른 것은 무엇인가?,건널목 차단기가 내려오기 시작해도 서두르면 통과해도 된다.,건널목 직전에서 일시정지하고 안전을 확인한 후가 아니면 진행해서는 안 된다.,건널목에서는 서행하면 일시정지하지 않아도 된다.,자전거는 경차량이므로 철도 건널목에서 정지 의무가 없다.,2,도로교통법 제33조에 따라 차량 등은 철도건널목 직전에서 일시정지하고 안전을 확인한 후에만 진행해야 한다.,자전거 안전이용 5원칙(경시청)・도로교통법 제33조
우회전·좌회전,초급,자전거의 우회전 방법으로 원칙적으로 올바른 것은 무엇인가?,자동차와 같은 소회전 우회전.,우회전은 금지된다.,보도를 이용해 우회전한다.,2단계 우회전,4,자전거의 우회전은 원칙적으로 2단계 우회전이다. 차량 신호 등에 따라 교차로의 가장자리를 따라 진행한다.,경시청 자전거 포털사이트・경시청 자전거 교통규칙・우회전 방법
기본 규칙,초급,도로교통법 제63조의11에 따른 아동·유아의 자전거 헬멧 착용에 관한 설명으로 올바른 것은 무엇인가?,헬멧 착용 규정은 성인에게만 적용된다.,헬멧 착용은 법률상 전혀 규정되어 있지 않다.,아동·유아는 헬멧 착용 의무가 있다.,아동·유아를 보호할 책임이 있는 사람은 승차용 헬멧을 착용시키도록 노력해야 한다.,4,제63조의11은 아동 또는 유아를 보호할 책임이 있는 사람에게 자전거 탑승 시 헬멧을 착용시키도록 노력할 것을 요구하고 있다.,자전거 안전이용 5원칙(경시청)・도로교통법 제63조의11
기본 규칙,초급,일반 자전거가 보도를 통행할 수 있는 조건으로 가장 적절한 것은 무엇인가?,차도가 혼잡하여 주행하기 어려우면 언제든지 보도를 통행할 수 있다.,비나 강풍 등 날씨가 나쁘면 항상 보도를 달려도 된다.,보행자가 적으면 자유롭게 보도를 주행해도 된다.,도로표지 등으로 허용된 경우나 아동 등의 차도 통행이 위험하다고 인정되는 경우 등 법령에서 정한 조건에 해당할 때,4,제63조의4는 도로 표지 등에 의한 허가나 아동 등의 안전 확보를 위한 경우 등 제한된 조건에서만 보도 통행을 허용한다.,도로교통법・도로교통법 제63조의4
보도 통행,초급,자전거 통행 장소에 관한 기본 원칙으로 올바른 것은 무엇인가?,"차도 통행이 원칙이며, 보도 통행은 예외이다.",보도 통행이 원칙이고 차도는 예외이다.,보도와 차도 중 어느 쪽이든 자유롭게 선택할 수 있다.,자전거도로만 통행 가능,1,"자전거는 경차량으로서 차도 통행이 원칙이며, 보도 통행은 표지 등이 있는 경우 등의 예외에 한한다.","경시청 자전거 포털사이트・경시청 자전거 교통규칙・차도가 원칙, 보도는 예외"
건널목,초급,자전거의 차단기가 내려진 건널목 진입 위반 범칙금으로 올바른 것은 무엇인가?,"9,000엔.","7,000엔.","5,000엔","6,000엔",2,"경시청 범칙행위 목록에 따르면 경차량의 차단기 내려진 건널목 진입 위반 범칙금은 7,000엔이다.",경시청 자전거 포털사이트・경시청 범칙행위 일람표・차단기 내려진 철도건널목 진입
기본 규칙,초급,도로교통법상 ‘일반 자전거(보통자전거)’에 해당하는 조건으로 가장 적절한 것은 무엇인가?,전동기만으로 주행하는 원동기장치자전거.,차체 크기와 관계없이 페달이 달려 있으면 모두 일반 자전거이다.,삼륜 이상 자전거는 모두 일반 자전거이다.,차체의 크기·구조가 내각부령 기준에 적합하고 다른 차량을 견인하지 않는 자전거,4,보통자전거는 차체 크기와 구조 기준에 적합하고 다른 차량을 견인하지 않는 자전거를 말한다.,도로교통법・도로교통법 제2조
기본 규칙,초급,도로교통법 제43조에 따라 ‘정지(止まれ)’ 표지가 있는 교차로에서 자전거의 행동으로 올바른 것은 무엇인가?,서행하면 일시정지하지 않아도 된다.,보도를 통행 중이면 일시정지할 필요가 없다.,다른 차량이 없으면 정지하지 않고 통과해도 된다.,정지선 앞 또는 교차로 직전에서 일시정지하고 안전을 확인한 후 진행한다.,4,도로교통법 제43조는 ‘정지(止まれ)’ 표지가 있는 곳에서 정지선 직전 등에서 일시정지하고 교차도로 차량 등의 진행을 방해하지 말 것을 규정하고 있다.,자전거 안전이용 5원칙(경시청)・도로교통법 제43조
위험행위,초급,일반 자전거가 보도를 통행하는 경우의 통행 방법으로 올바른 것은 무엇인가?,보도 중앙 부근을 다소 빠른 속도로 통행한다.,"보도의 중앙에서 차도 쪽(보통자전거 통행지정 부분이 있는 경우 그 부분)을 서행하고, 보행자의 통행을 방해할 때는 일시정지한다.",보도의 어느 부분이든 서행만 하면 자유롭게 진행할 수 있다.,벨을 울려 보행자를 비키게 하면서 통행한다.,2,"제63조의4에 따라 보도 통행 시에는 보도 중앙에서 차도 쪽 부분을 서행하고, 보행자의 통행을 방해하는 경우에는 일시정지해야 한다.",도로교통법・도로교통법 제63조의4
기본 규칙,초급,자전거가 교차로를 통행할 때 신호 준수에 관한 설명으로 올바른 것은 무엇인가?,자전거는 신호기의 지시에 따를 의무가 없다.,자전거는 교통량이 적으면 적색 신호에서도 진행할 수 있다.,"자전거는 차량으로서 차량용 신호를 따라야 하며, 보행자·자전거 전용 신호가 있는 경우에는 그 신호를 따라야 한다.",자전거는 보행자로 취급되므로 모든 경우 보행자 신호를 따른다.,3,"자전거는 차량으로서 신호기의 표시를 따라야 하며, 보행자·자전거 전용 신호가 있는 경우에는 그 신호를 따라야 한다.",자전거 안전이용 5원칙(경시청)・도로교통법 제7조
기본 규칙,초급,시행규칙 제9조의4가 정하는 자전거 반사재의 반사광 색상 조합으로 올바른 것은 무엇인가?,임의의 색상이면 된다.,적색만 가능하다.,주황색 또는 적색,백색 또는 담황색,3,법 조문상 반사기의 반사광 색상은 ‘주황색 또는 적색’이어야 한다.,도로교통법 시행규칙・도로교통법 시행규칙 제9조의4
신호,초급,자전거 신호위반의 범칙금으로 올바른 것은 무엇인가?,"5,000엔.","7,000엔.","12,000엔","6,000엔",4,"범칙행위 목록에 따르면 자전거의 신호위반은 6,000엔이며, 점멸신호 위반은 5,000엔으로 정리되어 있다.",경시청 자전거 포털사이트・경시청 범칙행위 일람표・신호위반
기본 규칙,초급,자전거의 통행 위치에 대해 도로교통법 제18조에 따른 원칙으로 올바른 것은 무엇인가?,보도가 있으면 항상 보도를 통행해도 된다.,원칙적으로 도로 중앙 부근을 통행한다.,원칙적으로 도로의 왼쪽 가장자리 쪽을 통행한다.,원칙적으로 도로의 오른쪽 가장자리를 통행한다.,3,자전거를 포함한 경차량은 원칙적으로 도로의 왼쪽 가장자리를 따라 통행해야 한다.,도로교통법・도로교통법 제18조
위험행위,초급,자전거가 서행 의무를 지는 장소로서 도로교통법 제42조에 명시된 것은 무엇인가? (일부 발췌),편도 2차선 직선도로(시야 양호).,자전거도로가 설치된 도로의 모든 구간.,주택가의 모든 도로,좌우 시야가 확보되지 않는 교차로(신호 없는 교차로·비우선도로 측),4,제42조 제1호에 따라 좌우 시야가 확보되지 않는 비신호 교차로 등에서는 서행 의무가 있다.,도로교통법・도로교통법 제42조
위험행위,초급,야간에 자전거를 운전할 때 등화 및 반사기재에 관한 의무로 올바른 것은 무엇인가?,반사띠를 착용하고 있으면 자전거 전조등은 필요 없다.,야간에는 전조등을 켜고 후방에는 반사기재 또는 후미등을 갖춘 자전거가 아니면 운전해서는 안 된다.,자전거에는 야간 점등에 관한 규정이 없다.,야간이라도 가로등이 있으면 전조등 점등은 필요 없다.,2,도로교통법 제52조 및 제63조의9에 따라 야간에는 전조등을 켜고 후방에 반사기 또는 후미등을 갖춘 자전거만 운전할 수 있다.,"자전거 안전이용 5원칙(경시청)・도로교통법 제52조, 제63조의9"
일시정지,초급,일시정지 표지가 있는 교차로에서 자전거의 의무로 올바른 것은 무엇인가?,자동차가 오지 않으면 정지할 필요가 없다.,보도 통행 중이라면 해당되지 않는다.,반드시 일시정지하고 안전을 확인한다.,서행만 하면 충분하다.,3,‘정지’ 표지가 있는 곳에서는 자전거도 반드시 일시정지하고 안전을 확인해야 한다.,경시청 자전거 포털사이트・경시청 자전거 교통규칙・일시정지
측방 통과,초급,2026년 4월 시행된 측방 통과 규칙에 대한 설명으로 올바른 것은 무엇인가?,보도에만 적용된다.,항상 2m 이상 간격을 두어야 한다.,"충분한 간격이 없을 때에는 자동차는 안전한 속도로, 자전거는 가능한 한 왼쪽 가장자리로 붙는다.",자전거에만 부과되는 의무이다.,3,"2026년 4월 시행된 측방 통과 규칙에 따라 충분한 간격이 없을 때 자동차 등은 안전한 속도로 진행해야 하며, 자전거 등은 가능한 한 왼쪽 가장자리로 붙어야 한다.","경시청 자전거 포털사이트・도로교통법 제18조 제3항, 제4항"
등화·라이트,초급,자전거 무등화(전조등 미점등) 위반의 범칙금으로 올바른 것은 무엇인가?,"7,000엔.","6,000엔.","5,000엔","12,000엔",3,"경시청 범칙행위 목록에 따르면 경차량의 무등화 위반 범칙금은 5,000엔이다.",경시청 자전거 포털사이트・경시청 범칙행위 일람표・무등화
보도 통행,초급,보도 통행이 허용된 경우 자전거의 통행 방법으로 올바른 것은 무엇인가?,보행자보다 자전거가 우선이다.,벨을 울려 보행자를 비키게 해도 된다.,보도 중앙을 가능한 한 빠르게 진행한다.,"보행자 우선으로 서행하고, 방해가 될 경우 일시정지한다.",4,"보도 통행 시에는 보행자가 우선이다. 보통자전거 통행 지정 부분이 없는 경우 차도 쪽을 서행하고, 보행자의 통행을 방해할 때는 일시정지해야 한다.",경시청 자전거 포털사이트・경시청 자전거 교통규칙・보도 통행 시 통행 방법
기본 규칙,초급,자전거의 위반적인 통행 위치로서 도로교통법 제17조 및 제18조의 내용에 가장 가까운 것은 무엇인가?,차도의 왼쪽 가장자리를 따라 통행한다.,차도의 오른쪽 가장자리를 통행한다.,"원칙적으로 보도를 통행하고, 위험할 때만 차도를 통행한다. 7",보도와 차도를 상황에 따라 자유롭게 오간다.,1,자전거를 포함한 경차량은 원칙적으로 도로의 왼쪽 가장자리를 따라 통행해야 한다.,"자전거 안전이용 5원칙(경시청)・도로교통법 제17조, 제18조"
